paragraph_index,original_iast,aksharamukha_output,sanscript_output
6,tasyādyaṁ granthanālekhaṁ krāntam utkrānta-khaṇḍitam |,तस्याद्यं ग्रन्थनालेखं क्रान्तम् उत्क्रान्तखण्डितम् ।,तस्याद्यꣳ ग्रन्थनालेखꣳ क्रान्तम् उत्क्रान्तखण्डितम् ।
7,paryālocyātha paryāyaṁ kṛtvā likhati jīvakaḥ ||o||,पर्यालोच्याथ पर्यायं कृत्वा लिखति जीवकः ॥ओ॥,पर्यालोच्याथ पर्यायꣳ कृत्वा लिखति जीवकः ॥ओ॥
8,athaivam advaya-jñāna-lakṣaṇaṁ tat tattvaṁ sāmānyato lakṣayitvā punar upāsaka-yogyatā-vaiśiṣṭyena prakaṭita-nija-sattā-viśeṣaṁ viśeṣato nirūpayati vadanti ity asyaivottarārdhena ,अथैवम् अद्वयज्ञानलक्षणं तत् तत्त्वं सामान्यतो लक्षयित्वा पुनर् उपासकयोग्यतावैशिष्ट्येन प्रकटितनिजसत्ताविशेषं विशेषतो निरूपयति वदन्ति इत्य् अस्यैवोत्तरार्धेन ,अथैवम् अद्वयज्ञानलक्षणꣳ तत् तत्त्वꣳ सामान्यतो लक्षयित्वा पुनर् उपासकयोग्यतावैशिष्ट्येन प्रकटितनिजसत्ताविशेषꣳ विशेषतो निरूपयति वदन्ति इत्य् अस्यैवोत्तरार्धेन 
10,"atha śrīmad-bhāgavatākhya eva śāstre kvacid anyatrāpi tad ekaṁ tattvaṁ tridhā śabdyate—kvacid brahmeti, kvacit paramātmeti, kvacid bhagavān iti ca | kintv atra śrīmad-vyāsa-samādhi-labdhād bhedāj jīva iti noktam iti jñeyam | tatra brahma-bhagavator vyākhyātayoḥ paramātmā svayam eva vyākhyāto bhavatīti prathamatas tāv eva prastūyete | mūle tu kramād vaiśiṣṭya-dyotanāya tathā vinyāsaḥ | ","अथ श्रीमद्भागवताख्य एव शास्त्रे क्वचिद् अन्यत्रापि तद् एकं तत्त्वं त्रिधा शब्द्यते—क्वचिद् ब्रह्मेति, क्वचित् परमात्मेति, क्वचिद् भगवान् इति च । किन्त्व् अत्र श्रीमद्व्याससमाधिलब्धाद् भेदाज् जीव इति नोक्तम् इति ज्ञेयम् । तत्र ब्रह्मभगवतोर् व्याख्यातयोः परमात्मा स्वयम् एव व्याख्यातो भवतीति प्रथमतस् ताव् एव प्रस्तूयेते । मूले तु क्रमाद् वैशिष्ट्यद्योतनाय तथा विन्यासः । ","अथ श्रीमद्भागवताख्य एव शास्त्रे क्वचिद् अन्यत्रापि तद् एकꣳ तत्त्वꣳ त्रिधा शब्द्यते—क्वचिद् ब्रह्मेति, क्वचित् परमात्मेति, क्वचिद् भगवान् इति च । किन्त्व् अत्र श्रीमद्व्याससमाधिलब्धाद् भेदाज् जीव इति नोक्तम् इति ज्ञेयम् । तत्र ब्रह्मभगवतोर् व्याख्यातयोः परमात्मा स्वयम् एव व्याख्यातो भवतीति प्रथमतस् ताव् एव प्रस्तूयेते । मूले तु क्रमाद् वैशिष्ट्यद्योतनाय तथा विन्यासः । "
11,"ayam arthaḥ—tad ekam evākhaṇḍānanda-svarūpaṁ tattvaṁ thūtkṛta-pārameṣṭhyādikānanda-samudayānāṁ paramahaṁsānāṁ sādhana-vaśāt tādātmyam āpanne, satyām api tadīya-svarūpa-śakti-vaicitryāṁ, tad-grahaṇāsāmarthye cetasi yathā sāmānyato lakṣitaṁ, tathaiva sphurad vā, tadvad evāvivikta-śakti-śaktimattā-bhedatayā pratipadyamānaṁ vā brahmeti śabdyate |","अयम् अर्थः—तद् एकम् एवाखण्डानन्दस्वरूपं तत्त्वं थूत्कृतपारमेष्ठ्यादिकानन्दसमुदयानां परमहंसानां साधनवशात् तादात्म्यम् आपन्ने, सत्याम् अपि तदीयस्वरूपशक्तिवैचित्र्यां, तद्ग्रहणासामर्थ्ये चेतसि यथा सामान्यतो लक्षितं, तथैव स्फुरद् वा, तद्वद् एवाविविक्तशक्तिशक्तिमत्ताभेदतया प्रतिपद्यमानं वा ब्रह्मेति शब्द्यते ।","अयम् अर्थः—तद् एकम् एवाखण्डानन्दस्वरूपꣳ तत्त्वꣳ थूत्कृतपारमेष्ठ्यादिकानन्दसमुदयानाꣳ परमहꣳसानाꣳ साधनवशात् तादात्म्यम् आपन्ने, सत्याम् अपि तदीयस्वरूपशक्तिवैचित्र्याꣳ, तद्ग्रहणासामर्थ्ये चेतसि यथा सामान्यतो लक्षितꣳ, तथैव स्फुरद् वा, तद्वद् एवाविविक्तशक्तिशक्तिमत्ताभेदतया प्रतिपद्यमानꣳ वा ब्रह्मेति शब्द्यते ।"
12,atha tad ekaṁ tattvaṁ svarūpa-bhūtayaiva śaktyā kam api viśeṣaṁ dhartuṁ parāsām api śaktīnāṁ mūlāśraya-rūpaṁ tad-anubhāvānanda-sandohāntar-bhāvita-tādṛśa-brahmānandānāṁ bhāgavata-paramahaṁsānāṁ tathānubhavaika-sādhakatama-tadīya-svarūpānanda-śakti-viśeṣātmaka-bhakti-bhāviteṣv antar-bahir apīndriyeṣu parisphurad vā tadvad vivikta-tādṛśa-śakti-śaktimattā-bhedena pratipadyamānaṁ vā bhagavān iti śabdyate | ,अथ तद् एकं तत्त्वं स्वरूपभूतयैव शक्त्या कम् अपि विशेषं धर्तुं परासाम् अपि शक्तीनां मूलाश्रयरूपं तदनुभावानन्दसन्दोहान्तर्भाविततादृशब्रह्मानन्दानां भागवतपरमहंसानां तथानुभवैकसाधकतमतदीयस्वरूपानन्दशक्तिविशेषात्मकभक्तिभावितेष्व् अन्तर्बहिर् अपीन्द्रियेषु परिस्फुरद् वा तद्वद् विविक्ततादृशशक्तिशक्तिमत्ताभेदेन प्रतिपद्यमानं वा भगवान् इति शब्द्यते । ,अथ तद् एकꣳ तत्त्वꣳ स्वरूपभूतयैव शक्त्या कम् अपि विशेषꣳ धर्तुꣳ परासाम् अपि शक्तीनाꣳ मूलाश्रयरूपꣳ तदनुभावानन्दसन्दोहान्तर्भाविततादृशब्रह्मानन्दानाꣳ भागवतपरमहꣳसानाꣳ तथानुभवैकसाधकतमतदीयस्वरूपानन्दशक्तिविशेषात्मकभक्तिभावितेष्व् अन्तर्बहिर् अपीन्द्रियेषु परिस्फुरद् वा तद्वद् विविक्ततादृशशक्तिशक्तिमत्ताभेदेन प्रतिपद्यमानꣳ वा भगवान् इति शब्द्यते । 
13,evam evoktaṁ śrī-jaḍa-bharatena—,एवम् एवोक्तं श्रीजडभरतेन—,एवम् एवोक्तꣳ श्रीजडभरतेन—
14,jñānaṁ viśuddhaṁ paramārtham ekam,ज्ञानं विशुद्धं परमार्थम् एकम्,ज्ञानꣳ विशुद्धꣳ परमार्थम् एकम्
15,anantaraṁ tv abahir brahma satyam |,अनन्तरं त्व् अबहिर् ब्रह्म सत्यम् ।,अनन्तरꣳ त्व् अबहिर् ब्रह्म सत्यम् ।
16,pratyak praśāntaṁ bhagavac-chabda-saṁjñaṁ,प्रत्यक् प्रशान्तं भगवच्छब्दसंज्ञं,प्रत्यक् प्रशान्तꣳ भगवच्छब्दसꣳज्ञꣳ
17,yad vāsudevaṁ kavayo vadanti || [bhā.pu. 5.12.11] iti |,यद् वासुदेवं कवयो वदन्ति ॥ [भा.पु. ५.१२.११] इति ।,यद् वासुदेवꣳ कवयो वदन्ति ॥ [भा.पु. ५.१२.११] इति ।
18,śrī-dhruvaṁ prati śrī-manunā ca—,श्रीध्रुवं प्रति श्रीमनुना च—,श्रीध्रुवꣳ प्रति श्रीमनुना च—
19,tvaṁ pratyag-ātmani tadā bhagavaty ananta ,त्वं प्रत्यगात्मनि तदा भगवत्य् अनन्त ,त्वꣳ प्रत्यगात्मनि तदा भगवत्य् अनन्त 
20,"ānanda-mātra upapanna-samasta-śaktau
bhaktiṁ vidhāya paramāṁ śanakair avidyā-","आनन्दमात्र उपपन्नसमस्तशक्तौ
भक्तिं विधाय परमां शनकैर् अविद्या-","आनन्दमात्र उपपन्नसमस्तशक्तौ
भक्तिꣳ विधाय परमाꣳ शनकैर् अविद्या-"
21,granthiṁ vibhetsyasi mamāham iti prarūḍham [bhā.pu. 4.11.30] iti |,ग्रन्थिं विभेत्स्यसि ममाहम् इति प्ररूढम् [भा.पु. ४.११.३०] इति ।,ग्रन्थिꣳ विभेत्स्यसि ममाहम् इति प्ररूढम् [भा.पु. ४.११.३०] इति ।
22,"evaṁ cānanda-mātraṁ viśeṣyaṁ, samastāḥ śaktayo viśeṣaṇāni, viśiṣṭo bhagavān ity āyātam | tathā caivaṁ vaiśiṣṭye prāpte pūrṇāvirbhāvatvenākhaṇḍa-tattva-rūpo’sau bhagavān | brahma tu sphuṭam aprakaṭita-vaiśiṣṭyākāratvena tasyaivāsamyag āvirbhāva ity āgatam | idaṁ tu purastād vistareṇa vivecanīyam | ","एवं चानन्दमात्रं विशेष्यं, समस्ताः शक्तयो विशेषणानि, विशिष्टो भगवान् इत्य् आयातम् । तथा चैवं वैशिष्ट्ये प्राप्ते पूर्णाविर्भावत्वेनाखण्डतत्त्वरूपोऽसौ भगवान् । ब्रह्म तु स्फुटम् अप्रकटितवैशिष्ट्याकारत्वेन तस्यैवासम्यग् आविर्भाव इत्य् आगतम् । इदं तु पुरस्ताद् विस्तरेण विवेचनीयम् । ","एवꣳ चानन्दमात्रꣳ विशेष्यꣳ, समस्ताः शक्तयो विशेषणानि, विशिष्टो भगवान् इत्य् आयातम् । तथा चैवꣳ वैशिष्ट्ये प्राप्ते पूर्णाविर्भावत्वेनाखण्डतत्त्वरूपोऽसौ भगवान् । ब्रह्म तु स्फुटम् अप्रकटितवैशिष्ट्याकारत्वेन तस्यैवासम्यग् आविर्भाव इत्य् आगतम् । इदꣳ तु पुरस्ताद् विस्तरेण विवेचनीयम् । "
25,anirdeśyam arūpaṁ ca pāṇi-pādādy-asaṁyutam ||,अनिर्देश्यम् अरूपं च पाणिपादाद्यसंयुतम् ॥,अनिर्देश्यम् अरूपꣳ च पाणिपादाद्यसꣳयुतम् ॥
26,vibhuṁ sarva-gataṁ nityaṁ bhūta-yonim akāraṇam |,विभुं सर्वगतं नित्यं भूतयोनिम् अकारणम् ।,विभुꣳ सर्वगतꣳ नित्यꣳ भूतयोनिम् अकारणम् ।
27,vyāpy avyāpyaṁ yataḥ sarvaṁ tad vai paśyanti sūrayaḥ ||,व्याप्य् अव्याप्यं यतः सर्वं तद् वै पश्यन्ति सूरयः ॥,व्याप्य् अव्याप्यꣳ यतः सर्वꣳ तद् वै पश्यन्ति सूरयः ॥
28,tad brahma paramaṁ dhāma tad dhyeyaṁ mokṣa-kāṅkṣiṇām |,तद् ब्रह्म परमं धाम तद् ध्येयं मोक्षकाङ्क्षिणाम् ।,तद् ब्रह्म परमꣳ धाम तद् ध्येयꣳ मोक्षकाङ्क्षिणाम् ।
29,śruti-vākyoditaṁ sūkṣmaṁ tad viṣṇoḥ paramaṁ padam ||,श्रुतिवाक्योदितं सूक्ष्मं तद् विष्णोः परमं पदम् ॥,श्रुतिवाक्योदितꣳ सूक्ष्मꣳ तद् विष्णोः परमꣳ पदम् ॥
30,tad etad bhagavad-vācyaṁ svarūpaṁ paramātmanaḥ | ,तद् एतद् भगवद्वाच्यं स्वरूपं परमात्मनः । ,तद् एतद् भगवद्वाच्यꣳ स्वरूपꣳ परमात्मनः । 
36,jñāna-vairāgyayoś caiva ṣaṇṇāṁ bhaga itīṅganā ||,ज्ञानवैराग्ययोश् चैव षण्णां भग इतीङ्गना ॥,ज्ञानवैराग्ययोश् चैव षण्णाꣳ भग इतीङ्गना ॥
39,jñāna-śakti-balaiśvarya-vīrya-tejāṁsy aśeṣataḥ |,ज्ञानशक्तिबलैश्वर्यवीर्यतेजांस्य् अशेषतः ।,ज्ञानशक्तिबलैश्वर्यवीर्यतेजाꣳस्य् अशेषतः ।
41,pūrvavad atra viśeṣya-viśeṣaṇa-viśiṣṭatā vivecanīyā | viśeṣaṇasyāpy aheyatvaṁ vyaktībhaviṣyatīti | arūpaṁ pāṇi-pādādy-asaṁyutam itīdaṁ brahmākhya-kevala-viśeṣyāvirbhāva-niṣṭham | aiśvaryasya samagrasya ity ādhikaṁ kevala-viśeṣaṇa-niṣṭham | vibhuṁ sarva-gatam ity ādikaṁ tu viśiṣṭa-niṣṭham | ,पूर्ववद् अत्र विशेष्यविशेषणविशिष्टता विवेचनीया । विशेषणस्याप्य् अहेयत्वं व्यक्तीभविष्यतीति । अरूपं पाणिपादाद्यसंयुतम् इतीदं ब्रह्माख्यकेवलविशेष्याविर्भावनिष्ठम् । ऐश्वर्यस्य समग्रस्य इत्य् आधिकं केवलविशेषणनिष्ठम् । विभुं सर्वगतम् इत्य् आदिकं तु विशिष्टनिष्ठम् । ,पूर्ववद् अत्र विशेष्यविशेषणविशिष्टता विवेचनीया । विशेषणस्याप्य् अहेयत्वꣳ व्यक्तीभविष्यतीति । अरूपꣳ पाणिपादाद्यसꣳयुतम् इतीदꣳ ब्रह्माख्यकेवलविशेष्याविर्भावनिष्ठम् । ऐश्वर्यस्य समग्रस्य इत्य् आधिकꣳ केवलविशेषणनिष्ठम् । विभुꣳ सर्वगतम् इत्य् आदिकꣳ तु विशिष्टनिष्ठम् । 
42,"athavā, arūpam ity-ādikaṁ prākṛta-rūpādi-niṣedha-niṣṭham | ata eva pāṇi-pādādya-saṁyutam iti saṁyoga-sambandha eva parihriyate, na tu samavāya-sambandha iti jñeyam | vibhum iti sarva-vaibhava-yuktam ity arthaḥ | sarva-gatam aparicchinnam |  vyāpīti sarva-vyāpakam | avyāptam iti anyena vyāptum aśakyam | tad etad brahma-svarūpaṁ bhagavac-chabdena vācyam, na tu lakṣyam | ","अथवा, अरूपम् इत्यादिकं प्राकृतरूपादिनिषेधनिष्ठम् । अत एव पाणिपादाद्यसंयुतम् इति संयोगसम्बन्ध एव परिह्रियते, न तु समवायसम्बन्ध इति ज्ञेयम् । विभुम् इति सर्ववैभवयुक्तम् इत्य् अर्थः । सर्वगतम् अपरिच्छिन्नम् ।  व्यापीति सर्वव्यापकम् । अव्याप्तम् इति अन्येन व्याप्तुम् अशक्यम् । तद् एतद् ब्रह्मस्वरूपं भगवच्छब्देन वाच्यम्, न तु लक्ष्यम् । ","अथवा, अरूपम् इत्यादिकꣳ प्राकृतरूपादिनिषेधनिष्ठम् । अत एव पाणिपादाद्यसꣳयुतम् इति सꣳयोगसम्बन्ध एव परिह्रियते, न तु समवायसम्बन्ध इति ज्ञेयम् । विभुम् इति सर्ववैभवयुक्तम् इत्य् अर्थः । सर्वगतम् अपरिच्छिन्नम् ।  व्यापीति सर्वव्यापकम् । अव्याप्तम् इति अन्येन व्याप्तुम् अशक्यम् । तद् एतद् ब्रह्मस्वरूपꣳ भगवच्छब्देन वाच्यम्, न तु लक्ष्यम् । "
43,"tad eva nirdhārayati bhagavac-chabdo’yaṁ tasya nadī-viśeṣasya gaṅgā-śabdavad vācaka eva, na tu taṭa-śabdaval-lakṣakaḥ | ","तद् एव निर्धारयति भगवच्छब्दोऽयं तस्य नदीविशेषस्य गङ्गाशब्दवद् वाचक एव, न तु तटशब्दवल्लक्षकः । ","तद् एव निर्धारयति भगवच्छब्दोऽयꣳ तस्य नदीविशेषस्य गङ्गाशब्दवद् वाचक एव, न तु तटशब्दवल्लक्षकः । "
44,"evaṁ saty akṣara-sāmyān nirbrūyād [nirukta 1.1.2] iti nirukta-matam āśritya rūḍhim apy āśritya bhagādi-śabdānām artham āha—sambharta iti | sambhartā sva-bhaktānāṁ poṣakaḥ | bhartā dhārakaḥ sthāpakaḥ ity arthaḥ | netā sva-bhakti-phalasya premṇaḥ prāpakaḥ | gamayitā sva-loka-prāpakaḥ | sraṣṭā sva-bhakteṣu tat-tad-guṇasyodgamayitā | jagat-poṣakatvādikaṁ tu tasya paramparayaiva, na tu sākṣād iti jñeyam | ","एवं सत्य् अक्षरसाम्यान् निर्ब्रूयाद् [निरुक्त १.१.२] इति निरुक्तमतम् आश्रित्य रूढिम् अप्य् आश्रित्य भगादिशब्दानाम् अर्थम् आह—सम्भर्त इति । सम्भर्ता स्वभक्तानां पोषकः । भर्ता धारकः स्थापकः इत्य् अर्थः । नेता स्वभक्तिफलस्य प्रेम्णः प्रापकः । गमयिता स्वलोकप्रापकः । स्रष्टा स्वभक्तेषु तत्तद्गुणस्योद्गमयिता । जगत्पोषकत्वादिकं तु तस्य परम्परयैव, न तु साक्षाद् इति ज्ञेयम् । ","एवꣳ सत्य् अक्षरसाम्यान् निर्ब्रूयाद् [निरुक्त १.१.२] इति निरुक्तमतम् आश्रित्य रूढिम् अप्य् आश्रित्य भगादिशब्दानाम् अर्थम् आह—सम्भर्त इति । सम्भर्ता स्वभक्तानाꣳ पोषकः । भर्ता धारकः स्थापकः इत्य् अर्थः । नेता स्वभक्तिफलस्य प्रेम्णः प्रापकः । गमयिता स्वलोकप्रापकः । स्रष्टा स्वभक्तेषु तत्तद्गुणस्योद्गमयिता । जगत्पोषकत्वादिकꣳ तु तस्य परम्परयैव, न तु साक्षाद् इति ज्ञेयम् । "
45,"aiśvaryaṁ sarva-vaśīkāritvam | samagrasyeti sarvatrānveti | vīryaṁ maṇi-mantrāder iva prabhāvaḥ | yaśo vāṅ-manaḥ-śarīrāṇāṁ sādguṇya-khyātiḥ | śrīḥ sarva-prakārā sampat | jñānaṁ sarvajñatvam | vairāgyaṁ prapañca-vastv-anāsaktiḥ | iṅganā saṁjñā | akṣara-sāmya-pakṣe bha-ga-va-vān iti vaktavye matupo va-lopaś chāndasaḥ | sambhartety-ādiṣu sambhartṛtvādiṣv eva tātparyam, yathā sup-tiṅ-anta-cayo vākyam [amara 1.280] ity atra pacati bhavatīty asya vākyasya pāko bhavatīty arthaḥ kriyate | yathā vā, sattāyām asti bhavatīty atra dhātv-artha eva vivakṣitaḥ | tad evam eva bhagavān ity atra matub-artho yojayituṁ śakyate | ","ऐश्वर्यं सर्ववशीकारित्वम् । समग्रस्येति सर्वत्रान्वेति । वीर्यं मणिमन्त्रादेर् इव प्रभावः । यशो वाङ्मनःशरीराणां साद्गुण्यख्यातिः । श्रीः सर्वप्रकारा सम्पत् । ज्ञानं सर्वज्ञत्वम् । वैराग्यं प्रपञ्चवस्त्वनासक्तिः । इङ्गना संज्ञा । अक्षरसाम्यपक्षे भगववान् इति वक्तव्ये मतुपो वलोपश् छान्दसः । सम्भर्तेत्यादिषु सम्भर्तृत्वादिष्व् एव तात्पर्यम्, यथा सुप्तिङन्तचयो वाक्यम् [अमर १.२८०] इत्य् अत्र पचति भवतीत्य् अस्य वाक्यस्य पाको भवतीत्य् अर्थः क्रियते । यथा वा, सत्तायाम् अस्ति भवतीत्य् अत्र धात्वर्थ एव विवक्षितः । तद् एवम् एव भगवान् इत्य् अत्र मतुबर्थो योजयितुं शक्यते । ","ऐश्वर्यꣳ सर्ववशीकारित्वम् । समग्रस्येति सर्वत्रान्वेति । वीर्यꣳ मणिमन्त्रादेर् इव प्रभावः । यशो वाङ्मनःशरीराणाꣳ साद्गुण्यख्यातिः । श्रीः सर्वप्रकारा सम्पत् । ज्ञानꣳ सर्वज्ञत्वम् । वैराग्यꣳ प्रपञ्चवस्त्वनासक्तिः । इङ्गना सꣳज्ञा । अक्षरसाम्यपक्षे भगववान् इति वक्तव्ये मतुपो वलोपश् छान्दसः । सम्भर्तेत्यादिषु सम्भर्तृत्वादिष्व् एव तात्पर्यम्, यथा सुप्तिङन्तचयो वाक्यम् [अमर १.२८०] इत्य् अत्र पचति भवतीत्य् अस्य वाक्यस्य पाको भवतीत्य् अर्थः क्रियते । यथा वा, सत्तायाम् अस्ति भवतीत्य् अत्र धात्वर्थ एव विवक्षितः । तद् एवम् एव भगवान् इत्य् अत्र मतुबर्थो योजयितुꣳ शक्यते । "
46,"prakārāntareṇa ṣaḍ-bhagān darśayati—jñāna-śaktīti | jñānam antaḥ-karaṇasya, śaktir indriyāṇām | balaṁ śarīrasya | aiśvarya-vīrye vyākhyāte | tejaḥ kāntiḥ | aśeṣataḥ sāmagryeṇety arthaḥ | bhagavac-chabda-vācyānīti | bhagavato viśeṣaṇāny evaitāni, na tūpalakṣaṇānīty arthaḥ | atra bhagavān iti nitya-yoge matup | ","प्रकारान्तरेण षड्भगान् दर्शयति—ज्ञानशक्तीति । ज्ञानम् अन्तःकरणस्य, शक्तिर् इन्द्रियाणाम् । बलं शरीरस्य । ऐश्वर्यवीर्ये व्याख्याते । तेजः कान्तिः । अशेषतः सामग्र्येणेत्य् अर्थः । भगवच्छब्दवाच्यानीति । भगवतो विशेषणान्य् एवैतानि, न तूपलक्षणानीत्य् अर्थः । अत्र भगवान् इति नित्ययोगे मतुप् । ","प्रकारान्तरेण षड्भगान् दर्शयति—ज्ञानशक्तीति । ज्ञानम् अन्तःकरणस्य, शक्तिर् इन्द्रियाणाम् । बलꣳ शरीरस्य । ऐश्वर्यवीर्ये व्याख्याते । तेजः कान्तिः । अशेषतः सामग्र्येणेत्य् अर्थः । भगवच्छब्दवाच्यानीति । भगवतो विशेषणान्य् एवैतानि, न तूपलक्षणानीत्य् अर्थः । अत्र भगवान् इति नित्ययोगे मतुप् । "
47,"atha tathā-vidha-bhagavad-rūpa-pūrṇāvirbhāvaṁ tat tattvaṁ pūrvavaj jīvādi-niyantṛtvena sphurad vā pratipādyamānaṁ vā paramātmeti śabdyata iti | yadyapy ete brahmādi-śabdāḥ prāyo mitho’rtheṣu vartante, tathāpi tatra tatra saṅketa-prādhānya-vivakṣayedam uktam || ","अथ तथाविधभगवद्रूपपूर्णाविर्भावं तत् तत्त्वं पूर्ववज् जीवादिनियन्तृत्वेन स्फुरद् वा प्रतिपाद्यमानं वा परमात्मेति शब्द्यत इति । यद्यप्य् एते ब्रह्मादिशब्दाः प्रायो मिथोऽर्थेषु वर्तन्ते, तथापि तत्र तत्र सङ्केतप्राधान्यविवक्षयेदम् उक्तम् ॥ ","अथ तथाविधभगवद्रूपपूर्णाविर्भावꣳ तत् तत्त्वꣳ पूर्ववज् जीवादिनियन्तृत्वेन स्फुरद् वा प्रतिपाद्यमानꣳ वा परमात्मेति शब्द्यत इति । यद्यप्य् एते ब्रह्मादिशब्दाः प्रायो मिथोऽर्थेषु वर्तन्ते, तथापि तत्र तत्र सङ्केतप्राधान्यविवक्षयेदम् उक्तम् ॥ "
49,evam eva praśnottarābhyāṁ vivṛṇoti | rājovāca—,एवम् एव प्रश्नोत्तराभ्यां विवृणोति । राजोवाच—,एवम् एव प्रश्नोत्तराभ्याꣳ विवृणोति । राजोवाच—
51,niṣṭhām arhatha no vaktuṁ yūyaṁ hi brahma-vittamāḥ || [bhā.pu. 11.3.35],निष्ठाम् अर्हथ नो वक्तुं यूयं हि ब्रह्मवित्तमाः ॥ [भा.पु. ११.३.३५],निष्ठाम् अर्हथ नो वक्तुꣳ यूयꣳ हि ब्रह्मवित्तमाः ॥ [भा.पु. ११.३.३५]
56,sañjīvitāni tad avehi paraṁ narendra || [bhā.pu. 11.3.36],सञ्जीवितानि तद् अवेहि परं नरेन्द्र ॥ [भा.पु. ११.३.३६],सञ्जीवितानि तद् अवेहि परꣳ नरेन्द्र ॥ [भा.पु. ११.३.३६]
57,"atra praśnasyārthaḥ—nārāyaṇābhidhānasya bhagavataḥ | brahmeti paramātmety-ādi-prasiddha-tat-samudāya-tṛtīyatayā pāṭhāt | svāṁśena viṣṭaḥ puruṣābhidhānam avāpa nārāyaṇa ādi-devaḥ [bhā.pu. 11.4.3] iti atra tat-samānārthatvāt | nārāyaṇas tvaṁ [bhā.pu. 10.14.14] ity ādau vakṣyamāṇa-nirukty-anusārāc ca, nārāyaṇe turīyākhye bhagavac-chabda-śabdite [bhā.pu. 11.15.16] ity atra spaṣṭībhāvitvāc ca | niṣṭhāṁ tattvam | ","अत्र प्रश्नस्यार्थः—नारायणाभिधानस्य भगवतः । ब्रह्मेति परमात्मेत्यादिप्रसिद्धतत्समुदायतृतीयतया पाठात् । स्वांशेन विष्टः पुरुषाभिधानम् अवाप नारायण आदिदेवः [भा.पु. ११.४.३] इति अत्र तत्समानार्थत्वात् । नारायणस् त्वं [भा.पु. १०.१४.१४] इत्य् आदौ वक्ष्यमाणनिरुक्त्यनुसाराच् च, नारायणे तुरीयाख्ये भगवच्छब्दशब्दिते [भा.पु. ११.१५.१६] इत्य् अत्र स्पष्टीभावित्वाच् च । निष्ठां तत्त्वम् । ","अत्र प्रश्नस्यार्थः—नारायणाभिधानस्य भगवतः । ब्रह्मेति परमात्मेत्यादिप्रसिद्धतत्समुदायतृतीयतया पाठात् । स्वाꣳशेन विष्टः पुरुषाभिधानम् अवाप नारायण आदिदेवः [भा.पु. ११.४.३] इति अत्र तत्समानार्थत्वात् । नारायणस् त्वꣳ [भा.पु. १०.१४.१४] इत्य् आदौ वक्ष्यमाणनिरुक्त्यनुसाराच् च, नारायणे तुरीयाख्ये भगवच्छब्दशब्दिते [भा.पु. ११.१५.१६] इत्य् अत्र स्पष्टीभावित्वाच् च । निष्ठाꣳ तत्त्वम् । "
58,"praśna-krameṇaivottaram āha—sthitīti | yat sthity-ādi-hetur ahetuś ca bhavati, yac ca jāgarādiṣu sad bahiś ca bhavati, yena ca dehādīni sañjīvitāni santi caranti, tad ekam eva paraṁ tattvaṁ sva-praśna-krameṇa nārāyaṇādi-rūpaṁ viddhīti yojanīyam | tathāpi brahmatva-spaṣṭīkaraṇāya viparyayena vyākhyāyate | tatraikasyaiva viśeṣaṇa-bhedena tad-aviśiṣṭatvena ca pratipādanāt tathaiva tat-tad-upāsaka-puruṣānubhava-bhedāc cāvirbhāva-nāmnor bheda ity uttara-vākya-tātparyam |","प्रश्नक्रमेणैवोत्तरम् आह—स्थितीति । यत् स्थित्यादिहेतुर् अहेतुश् च भवति, यच् च जागरादिषु सद् बहिश् च भवति, येन च देहादीनि सञ्जीवितानि सन्ति चरन्ति, तद् एकम् एव परं तत्त्वं स्वप्रश्नक्रमेण नारायणादिरूपं विद्धीति योजनीयम् । तथापि ब्रह्मत्वस्पष्टीकरणाय विपर्ययेन व्याख्यायते । तत्रैकस्यैव विशेषणभेदेन तदविशिष्टत्वेन च प्रतिपादनात् तथैव तत्तदुपासकपुरुषानुभवभेदाच् चाविर्भावनाम्नोर् भेद इत्य् उत्तरवाक्यतात्पर्यम् ।","प्रश्नक्रमेणैवोत्तरम् आह—स्थितीति । यत् स्थित्यादिहेतुर् अहेतुश् च भवति, यच् च जागरादिषु सद् बहिश् च भवति, येन च देहादीनि सञ्जीवितानि सन्ति चरन्ति, तद् एकम् एव परꣳ तत्त्वꣳ स्वप्रश्नक्रमेण नारायणादिरूपꣳ विद्धीति योजनीयम् । तथापि ब्रह्मत्वस्पष्टीकरणाय विपर्ययेन व्याख्यायते । तत्रैकस्यैव विशेषणभेदेन तदविशिष्टत्वेन च प्रतिपादनात् तथैव तत्तदुपासकपुरुषानुभवभेदाच् चाविर्भावनाम्नोर् भेद इत्य् उत्तरवाक्यतात्पर्यम् ।"
59,etad uktaṁ bhavati—svayam ahetuḥ svarūpa-śaktyaika-vilāsamayatvena tatrodāsīnam api prakṛti-jīva-pravartakāvastha-paramātmāpara-paryāya-svāṁśa-lakṣaṇa-puruṣa-dvārā yad asya sarga-sthity-ādi-hetur bhavati tad bhagavad-rūpaṁ viddhi | anenāsya-pūrṇa-svarūpa-śaktitvena bhagavattvaivopasthāpitā | ,एतद् उक्तं भवति—स्वयम् अहेतुः स्वरूपशक्त्यैकविलासमयत्वेन तत्रोदासीनम् अपि प्रकृतिजीवप्रवर्तकावस्थपरमात्मापरपर्यायस्वांशलक्षणपुरुषद्वारा यद् अस्य सर्गस्थित्यादिहेतुर् भवति तद् भगवद्रूपं विद्धि । अनेनास्यपूर्णस्वरूपशक्तित्वेन भगवत्त्वैवोपस्थापिता । ,एतद् उक्तꣳ भवति—स्वयम् अहेतुः स्वरूपशक्त्यैकविलासमयत्वेन तत्रोदासीनम् अपि प्रकृतिजीवप्रवर्तकावस्थपरमात्मापरपर्यायस्वाꣳशलक्षणपुरुषद्वारा यद् अस्य सर्गस्थित्यादिहेतुर् भवति तद् भगवद्रूपꣳ विद्धि । अनेनास्यपूर्णस्वरूपशक्तित्वेन भगवत्त्वैवोपस्थापिता । 
60,"yad vā, aṁśitvān na vidyate hetuḥ puruṣādy-avatārasya svayam ivāśrayāntaraṁ yasya sa ity api bhagavati tatraiva paramātma-rūpatā caivam upatiṣṭhatīty āha—punas tenaiva yena hetu-kartrā ātmāṁśa-bhūta-jīva-praveśana-dvārā sañjīvitāni santi dehādīni tad-upalakṣaṇāni pradhānādi-sarvāṇy eva tattvāni, yenaiva preritatayaiva caranti sva-sva-kārye pravartante, tat paramātma-rūpaṁ viddhi |","यद् वा, अंशित्वान् न विद्यते हेतुः पुरुषाद्यवतारस्य स्वयम् इवाश्रयान्तरं यस्य स इत्य् अपि भगवति तत्रैव परमात्मरूपता चैवम् उपतिष्ठतीत्य् आह—पुनस् तेनैव येन हेतुकर्त्रा आत्मांशभूतजीवप्रवेशनद्वारा सञ्जीवितानि सन्ति देहादीनि तदुपलक्षणानि प्रधानादिसर्वाण्य् एव तत्त्वानि, येनैव प्रेरिततयैव चरन्ति स्वस्वकार्ये प्रवर्तन्ते, तत् परमात्मरूपं विद्धि ।","यद् वा, अꣳशित्वान् न विद्यते हेतुः पुरुषाद्यवतारस्य स्वयम् इवाश्रयान्तरꣳ यस्य स इत्य् अपि भगवति तत्रैव परमात्मरूपता चैवम् उपतिष्ठतीत्य् आह—पुनस् तेनैव येन हेतुकर्त्रा आत्माꣳशभूतजीवप्रवेशनद्वारा सञ्जीवितानि सन्ति देहादीनि तदुपलक्षणानि प्रधानादिसर्वाण्य् एव तत्त्वानि, येनैव प्रेरिततयैव चरन्ति स्वस्वकार्ये प्रवर्तन्ते, तत् परमात्मरूपꣳ विद्धि ।"
61,"tathā ca, tasmai namo bhagavate brahmaṇe paramātmane [bhā.pu. 10.28.7] ity atra varuṇa-kṛta-śrī-kṛṣṇa-stutau ṭīkā ca—paramātmane sarva-jīva-niyantre ity eṣā | jīvasyātmatvaṁ tad-apekṣayā tasya paramatvam ity ataḥ paramātma-śabdena tat-sahayogī sa eva vyajyate iti | tat-tad-aviśiṣṭatvena brahmatva-mātraṁ caivam upatiṣṭhatīty āha—svapneti | jāgare svapne suṣuptau ca yat tad-anvitaṁ, tad-bahiḥ samādhy-ādau ca yad avaśiṣṭaṁ cin-mātratvena prakāśamānaṁ tad brahma-rūpaṁ viddhi | yadyapi,","तथा च, तस्मै नमो भगवते ब्रह्मणे परमात्मने [भा.पु. १०.२८.७] इत्य् अत्र वरुणकृतश्रीकृष्णस्तुतौ टीका च—परमात्मने सर्वजीवनियन्त्रे इत्य् एषा । जीवस्यात्मत्वं तदपेक्षया तस्य परमत्वम् इत्य् अतः परमात्मशब्देन तत्सहयोगी स एव व्यज्यते इति । तत्तदविशिष्टत्वेन ब्रह्मत्वमात्रं चैवम् उपतिष्ठतीत्य् आह—स्वप्नेति । जागरे स्वप्ने सुषुप्तौ च यत् तदन्वितं, तद्बहिः समाध्यादौ च यद् अवशिष्टं चिन्मात्रत्वेन प्रकाशमानं तद् ब्रह्मरूपं विद्धि । यद्यपि,","तथा च, तस्मै नमो भगवते ब्रह्मणे परमात्मने [भा.पु. १०.२८.७] इत्य् अत्र वरुणकृतश्रीकृष्णस्तुतौ टीका च—परमात्मने सर्वजीवनियन्त्रे इत्य् एषा । जीवस्यात्मत्वꣳ तदपेक्षया तस्य परमत्वम् इत्य् अतः परमात्मशब्देन तत्सहयोगी स एव व्यज्यते इति । तत्तदविशिष्टत्वेन ब्रह्मत्वमात्रꣳ चैवम् उपतिष्ठतीत्य् आह—स्वप्नेति । जागरे स्वप्ने सुषुप्तौ च यत् तदन्वितꣳ, तद्बहिः समाध्यादौ च यद् अवशिष्टꣳ चिन्मात्रत्वेन प्रकाशमानꣳ तद् ब्रह्मरूपꣳ विद्धि । यद्यपि,"
62,jāgrat svapnaḥ suṣuptaṁ ca guṇato buddhi-vṛttayaḥ |,जाग्रत् स्वप्नः सुषुप्तं च गुणतो बुद्धिवृत्तयः ।,जाग्रत् स्वप्नः सुषुप्तꣳ च गुणतो बुद्धिवृत्तयः ।
63,tāsāṁ vilakṣaṇo jīvaḥ sākṣitvena viniścitaḥ || [bhā.pu. 11.13. 27],तासां विलक्षणो जीवः साक्षित्वेन विनिश्चितः ॥ [भा.पु. ११.१३. २७],तासाꣳ विलक्षणो जीवः साक्षित्वेन विनिश्चितः ॥ [भा.पु. ११.१३. २७]
64,"iti darśanena śuddha-jīva-svarūpam evātropasthitaṁ bhavati, tathāpy atra na tan-mātraṁ vivakṣitam, kintv antar-bhūta-jīvākhyādi-śaktikaṁ pūrṇa-cid-rūpam eva vivakṣitam | yatra pūrṇaṁ vastu darśayituṁ na śakyate tatraika-deśa-nirdeśenaivoddiśyate—aṅguly-agre samudro’yam itivat | brahmatva-grahaṇaṁ cābheda-dṛṣṭyaiva syād iti tad-abheda-nirdeśaś cātropayukta eva | ","इति दर्शनेन शुद्धजीवस्वरूपम् एवात्रोपस्थितं भवति, तथाप्य् अत्र न तन्मात्रं विवक्षितम्, किन्त्व् अन्तर्भूतजीवाख्यादिशक्तिकं पूर्णचिद्रूपम् एव विवक्षितम् । यत्र पूर्णं वस्तु दर्शयितुं न शक्यते तत्रैकदेशनिर्देशेनैवोद्दिश्यते—अङ्गुल्यग्रे समुद्रोऽयम् इतिवत् । ब्रह्मत्वग्रहणं चाभेददृष्ट्यैव स्याद् इति तदभेदनिर्देशश् चात्रोपयुक्त एव । ","इति दर्शनेन शुद्धजीवस्वरूपम् एवात्रोपस्थितꣳ भवति, तथाप्य् अत्र न तन्मात्रꣳ विवक्षितम्, किन्त्व् अन्तर्भूतजीवाख्यादिशक्तिकꣳ पूर्णचिद्रूपम् एव विवक्षितम् । यत्र पूर्णꣳ वस्तु दर्शयितुꣳ न शक्यते तत्रैकदेशनिर्देशेनैवोद्दिश्यते—अङ्गुल्यग्रे समुद्रोऽयम् इतिवत् । ब्रह्मत्वग्रहणꣳ चाभेददृष्ट्यैव स्याद् इति तदभेदनिर्देशश् चात्रोपयुक्त एव । "
65,"evam anyatrāpy abheda-nirdeśo vivecanīyaḥ | yadi bhedo jñāpanīyaḥ, tadā svapnādau yad-anvayena sthitaṁ4, yac ca tad-bahiḥ śuddhāyāṁ jīvākhya-śaktau, tathā sthitaṁ, ca-kārāt tataḥ paratrāpi vyatirekeṇa sthitaṁ svayam avaśiṣṭam iti vyākhyeyam | tadaivaṁ yat trividhatvenaivāvirbhavati, tat param eva tattvam avehīti ||","एवम् अन्यत्राप्य् अभेदनिर्देशो विवेचनीयः । यदि भेदो ज्ञापनीयः, तदा स्वप्नादौ यदन्वयेन स्थितं४, यच् च तद्बहिः शुद्धायां जीवाख्यशक्तौ, तथा स्थितं, चकारात् ततः परत्रापि व्यतिरेकेण स्थितं स्वयम् अवशिष्टम् इति व्याख्येयम् । तदैवं यत् त्रिविधत्वेनैवाविर्भवति, तत् परम् एव तत्त्वम् अवेहीति ॥","एवम् अन्यत्राप्य् अभेदनिर्देशो विवेचनीयः । यदि भेदो ज्ञापनीयः, तदा स्वप्नादौ यदन्वयेन स्थितꣳ४, यच् च तद्बहिः शुद्धायाꣳ जीवाख्यशक्तौ, तथा स्थितꣳ, चकारात् ततः परत्रापि व्यतिरेकेण स्थितꣳ स्वयम् अवशिष्टम् इति व्याख्येयम् । तदैवꣳ यत् त्रिविधत्वेनैवाविर्भवति, तत् परम् एव तत्त्वम् अवेहीति ॥"
67,idam eva trayaṁ siddhi-prasaṅge’py āha tribhiḥ |,इदम् एव त्रयं सिद्धिप्रसङ्गेऽप्य् आह त्रिभिः ।,इदम् एव त्रयꣳ सिद्धिप्रसङ्गेऽप्य् आह त्रिभिः ।
68,viṣṇau try-adhīśvare cittaṁ dhārayet kāla-vigrahe |,विष्णौ त्र्यधीश्वरे चित्तं धारयेत् कालविग्रहे ।,विष्णौ त्र्यधीश्वरे चित्तꣳ धारयेत् कालविग्रहे ।
69,sa īśitvam avāpnoti kṣetraṁ kṣetrajña-codanam ||,स ईशित्वम् अवाप्नोति क्षेत्रं क्षेत्रज्ञचोदनम् ॥,स ईशित्वम् अवाप्नोति क्षेत्रꣳ क्षेत्रज्ञचोदनम् ॥
72,nirguṇe brahmaṇi mayi dhārayan viśadaṁ manaḥ |,निर्गुणे ब्रह्मणि मयि धारयन् विशदं मनः ।,निर्गुणे ब्रह्मणि मयि धारयन् विशदꣳ मनः ।
75,virāṭ hiraṇya-garbhaś ca kāraṇaṁ cety upādhayaḥ |,विराट् हिरण्यगर्भश् च कारणं चेत्य् उपाधयः ।,विराट् हिरण्यगर्भश् च कारणꣳ चेत्य् उपाधयः ।
76,īśasya yat tribhir hīnaḥ turīyaṁ tat padaṁ viduḥ || ity evaṁ lakṣaṇe |,ईशस्य यत् त्रिभिर् हीनः तुरीयं तत् पदं विदुः ॥ इत्य् एवं लक्षणे ।,ईशस्य यत् त्रिभिर् हीनः तुरीयꣳ तत् पदꣳ विदुः ॥ इत्य् एवꣳ लक्षणे ।
78,jñāna-vairāgyayoś caiva ṣaṇṇāṁ bhaga itīṅganā || [vi.pu. 6.5.74],ज्ञानवैराग्ययोश् चैव षण्णां भग इतीङ्गना ॥ [वि.पु. ६.५.७४],ज्ञानवैराग्ययोश् चैव षण्णाꣳ भग इतीङ्गना ॥ [वि.पु. ६.५.७४]
81,atha vadantīty ādyasya padyasya pratyavasthānaṁ yāvat tṛtīya-sandarbham udbhāvyate | tatra yogyatā-vaiśiṣṭyenāvirbhāva-vaiśiṣṭyaṁ vaktuṁ brahmāvirbhāve tāvad yogyatām āha—,अथ वदन्तीत्य् आद्यस्य पद्यस्य प्रत्यवस्थानं यावत् तृतीयसन्दर्भम् उद्भाव्यते । तत्र योग्यतावैशिष्ट्येनाविर्भाववैशिष्ट्यं वक्तुं ब्रह्माविर्भावे तावद् योग्यताम् आह—,अथ वदन्तीत्य् आद्यस्य पद्यस्य प्रत्यवस्थानꣳ यावत् तृतीयसन्दर्भम् उद्भाव्यते । तत्र योग्यतावैशिष्ट्येनाविर्भाववैशिष्ट्यꣳ वक्तुꣳ ब्रह्माविर्भावे तावद् योग्यताम् आह—
86,"yadyapi brahmatve bhagavattve ca durjñeyatvam uktam, tathāpi he bhūman svarūpeṇa guṇena cānanta te tavāguṇasya anāviṣkṛta-svarūpa-bhūta-guṇasya yo mahimā mahattvaṁ bṛhattvaṁ, brahmatvam iti yāvat, atha kasmād ucyate brahma bṛṁhati bṛṁhayati ca [a.śi.u. 3.5] iti śruteḥ | sa tava mahimā amalāntarātmabhiḥ śuddhāntaḥ-karaṇair janair viboddhum arhati, teṣāṁ bodhe prakāśitum arhati, samartho bhavatīty arthaḥ |","यद्यपि ब्रह्मत्वे भगवत्त्वे च दुर्ज्ञेयत्वम् उक्तम्, तथापि हे भूमन् स्वरूपेण गुणेन चानन्त ते तवागुणस्य अनाविष्कृतस्वरूपभूतगुणस्य यो महिमा महत्त्वं बृहत्त्वं, ब्रह्मत्वम् इति यावत्, अथ कस्माद् उच्यते ब्रह्म बृंहति बृंहयति च [अ.शि.उ. ३.५] इति श्रुतेः । स तव महिमा अमलान्तरात्मभिः शुद्धान्तःकरणैर् जनैर् विबोद्धुम् अर्हति, तेषां बोधे प्रकाशितुम् अर्हति, समर्थो भवतीत्य् अर्थः ।","यद्यपि ब्रह्मत्वे भगवत्त्वे च दुर्ज्ञेयत्वम् उक्तम्, तथापि हे भूमन् स्वरूपेण गुणेन चानन्त ते तवागुणस्य अनाविष्कृतस्वरूपभूतगुणस्य यो महिमा महत्त्वꣳ बृहत्त्वꣳ, ब्रह्मत्वम् इति यावत्, अथ कस्माद् उच्यते ब्रह्म बृꣳहति बृꣳहयति च [अ.शि.उ. ३.५] इति श्रुतेः । स तव महिमा अमलान्तरात्मभिः शुद्धान्तःकरणैर् जनैर् विबोद्धुम् अर्हति, तेषाꣳ बोधे प्रकाशितुम् अर्हति, समर्थो भवतीत्य् अर्थः ।"
87,kasmān nimittāt? tatrāha—svānubhavāt śuddha-tvaṁ-padārthasya bodhāt | ,कस्मान् निमित्तात्? तत्राह—स्वानुभवात् शुद्धत्वंपदार्थस्य बोधात् । ,कस्मान् निमित्तात्? तत्राह—स्वानुभवात् शुद्धत्वꣳपदार्थस्य बोधात् । 
88,"nanv anubhavaḥ khalv antaḥkaraṇasya vṛttiḥ | sā ca sthūla-sūkṣma-deha-vikāra-mayy eva satī, kathaṁ nirvikāra-tvam-padārthaḥ viṣayaṁ kurvīta ? tatrāha—avikriyāt tyakta-tat-tad-vikārāt |","नन्व् अनुभवः खल्व् अन्तःकरणस्य वृत्तिः । सा च स्थूलसूक्ष्मदेहविकारमय्य् एव सती, कथं निर्विकारत्वम्पदार्थः विषयं कुर्वीत ? तत्राह—अविक्रियात् त्यक्ततत्तद्विकारात् ।","नन्व् अनुभवः खल्व् अन्तःकरणस्य वृत्तिः । सा च स्थूलसूक्ष्मदेहविकारमय्य् एव सती, कथꣳ निर्विकारत्वम्पदार्थः विषयꣳ कुर्वीत ? तत्राह—अविक्रियात् त्यक्ततत्तद्विकारात् ।"
89,"nanu viṣayākāra evānubhavo viṣayam upādadīta | śuddha-tvam-padārthas tu na kasyāpi viṣayaḥ syāt, pratyag-rūpatvāt | tatrāha—arūpataḥ rūpyate bhāvyate iti rūpo viṣayaḥ, tad-ākāratā-rahitāt | adeha-dvayāveśa-viṣayākāratā-rāhitye sati svayaṁ śuddha-tvaṁ-padārthaḥ prakāśata iti bhāvaḥ | ","ननु विषयाकार एवानुभवो विषयम् उपाददीत । शुद्धत्वम्पदार्थस् तु न कस्यापि विषयः स्यात्, प्रत्यग्रूपत्वात् । तत्राह—अरूपतः रूप्यते भाव्यते इति रूपो विषयः, तदाकारतारहितात् । अदेहद्वयावेशविषयाकारताराहित्ये सति स्वयं शुद्धत्वंपदार्थः प्रकाशत इति भावः । ","ननु विषयाकार एवानुभवो विषयम् उपाददीत । शुद्धत्वम्पदार्थस् तु न कस्यापि विषयः स्यात्, प्रत्यग्रूपत्वात् । तत्राह—अरूपतः रूप्यते भाव्यते इति रूपो विषयः, तदाकारतारहितात् । अदेहद्वयावेशविषयाकारताराहित्ये सति स्वयꣳ शुद्धत्वꣳपदार्थः प्रकाशत इति भावः । "
90,"nanu sūkṣma-cid-rūpa-tvam-padārthānubhave kathaṁ pūrṇa-cid-ākāra-rūpa-madīya-brahma-svarūpaṁ sphuratu ? tatrāha—ananya-bodhyātmatayā cid-ākāratā-sāmyena śuddha-tvaṁ-padārthaikya-bodhya-svarūpatayā |5b yadyapi tādṛg-ātmānubhavānantaraṁ tad-ananya-bodhyatākṛtau sādhaka-śaktir nāsti, tathāpi pūrvaṁ tad-artham eva kṛtayā sarvatrāpy upajīvyayā sādhana-bhaktyārādhitasya śrī-bhagavataḥ prabhāvād eva tad api tatrodayata iti bhāvaḥ |","ननु सूक्ष्मचिद्रूपत्वम्पदार्थानुभवे कथं पूर्णचिदाकाररूपमदीयब्रह्मस्वरूपं स्फुरतु ? तत्राह—अनन्यबोध्यात्मतया चिदाकारतासाम्येन शुद्धत्वंपदार्थैक्यबोध्यस्वरूपतया ।५ब् यद्यपि तादृगात्मानुभवानन्तरं तदनन्यबोध्यताकृतौ साधकशक्तिर् नास्ति, तथापि पूर्वं तदर्थम् एव कृतया सर्वत्राप्य् उपजीव्यया साधनभक्त्याराधितस्य श्रीभगवतः प्रभावाद् एव तद् अपि तत्रोदयत इति भावः ।","ननु सूक्ष्मचिद्रूपत्वम्पदार्थानुभवे कथꣳ पूर्णचिदाकाररूपमदीयब्रह्मस्वरूपꣳ स्फुरतु ? तत्राह—अनन्यबोध्यात्मतया चिदाकारतासाम्येन शुद्धत्वꣳपदार्थैक्यबोध्यस्वरूपतया ।५ब् यद्यपि तादृगात्मानुभवानन्तरꣳ तदनन्यबोध्यताकृतौ साधकशक्तिर् नास्ति, तथापि पूर्वꣳ तदर्थम् एव कृतया सर्वत्राप्य् उपजीव्यया साधनभक्त्याराधितस्य श्रीभगवतः प्रभावाद् एव तद् अपि तत्रोदयत इति भावः ।"
94,paśyanty ātmani cātmānaṁ ,पश्यन्त्य् आत्मनि चात्मानं ,पश्यन्त्य् आत्मनि चात्मानꣳ 
96,satyavrataṁ prati śrī-matsya-devopadeśe ca—,सत्यव्रतं प्रति श्रीमत्स्यदेवोपदेशे च—,सत्यव्रतꣳ प्रति श्रीमत्स्यदेवोपदेशे च—
97,madīyaṁ mahimānaṁ ca ,मदीयं महिमानं च ,मदीयꣳ महिमानꣳ च 
98,paraṁ brahmeti śabditam |,परं ब्रह्मेति शब्दितम् ।,परꣳ ब्रह्मेति शब्दितम् ।
99,vetsyasy anugṛhītaṁ me ,वेत्स्यस्य् अनुगृहीतं मे ,वेत्स्यस्य् अनुगृहीतꣳ मे 
100,sampraśnair vivṛtaṁ hṛdi || [bhā.pu. 8.24.38] iti ||,सम्प्रश्नैर् विवृतं हृदि ॥ [भा.पु. ८.२४.३८] इति ॥,सम्प्रश्नैर् विवृतꣳ हृदि ॥ [भा.पु. ८.२४.३८] इति ॥
103,śaśvat praśāntam abhayaṁ pratibodha-mātraṁ,शश्वत् प्रशान्तम् अभयं प्रतिबोधमात्रं,शश्वत् प्रशान्तम् अभयꣳ प्रतिबोधमात्रꣳ
104,śuddhaṁ samaṁ sad-asataḥ paramātma-tattvam |,शुद्धं समं सदसतः परमात्मतत्त्वम् ।,शुद्धꣳ समꣳ सदसतः परमात्मतत्त्वम् ।
107,tad vai padaṁ bhagavataḥ paramasya puṁso,तद् वै पदं भगवतः परमस्य पुंसो,तद् वै पदꣳ भगवतः परमस्य पुꣳसो
108,brahmeti yad vidur ajasra-sukhaṁ viśokam || [bhā.pu. 2.7.47-48],ब्रह्मेति यद् विदुर् अजस्रसुखं विशोकम् ॥ [भा.पु. २.७.४७-४८],ब्रह्मेति यद् विदुर् अजस्रसुखꣳ विशोकम् ॥ [भा.पु. २.७.४७-४८]
109,"ayam arthaḥ—sarvato bṛhattamatvād brahmeti yad viduḥ, tat khalu paramasya puṁso bhagavataḥ padam eva, nirvikalpatayā sākṣāt-kṛteḥ prāthamikatvāt, brahmaṇaś ca bhagavata eva nirvikalpa-sattā-rūpatvāt, vicitra-rūpādi-vikalpa-viśeṣa-viśiṣṭasya bhagavatas tu sākṣāt-kṛtes tad-anantarajatvāt, tadīya-svarūpa-bhūtaṁ tad brahma tat-sākṣāt-kārāspadaṁ bhavatīty arthaḥ | ","अयम् अर्थः—सर्वतो बृहत्तमत्वाद् ब्रह्मेति यद् विदुः, तत् खलु परमस्य पुंसो भगवतः पदम् एव, निर्विकल्पतया साक्षात्कृतेः प्राथमिकत्वात्, ब्रह्मणश् च भगवत एव निर्विकल्पसत्तारूपत्वात्, विचित्ररूपादिविकल्पविशेषविशिष्टस्य भगवतस् तु साक्षात्कृतेस् तदनन्तरजत्वात्, तदीयस्वरूपभूतं तद् ब्रह्म तत्साक्षात्कारास्पदं भवतीत्य् अर्थः । ","अयम् अर्थः—सर्वतो बृहत्तमत्वाद् ब्रह्मेति यद् विदुः, तत् खलु परमस्य पुꣳसो भगवतः पदम् एव, निर्विकल्पतया साक्षात्कृतेः प्राथमिकत्वात्, ब्रह्मणश् च भगवत एव निर्विकल्पसत्तारूपत्वात्, विचित्ररूपादिविकल्पविशेषविशिष्टस्य भगवतस् तु साक्षात्कृतेस् तदनन्तरजत्वात्, तदीयस्वरूपभूतꣳ तद् ब्रह्म तत्साक्षात्कारास्पदꣳ भवतीत्य् अर्थः । "
110,"nirvikalpa-brahmaṇas tasya svarūpa-lakṣaṇam āha—pratibodha-mātram iti, ajasra-sukham iti ca | jaḍasya duḥkhasya ca pratiyogitayā pratīyate yad vastu, yac ca nityaṁ, tad eka-rūpaṁ tad-rūpam ity arthaḥ | yad ātma-tattvaṁ sarveṣām ātmanāṁ mūlam | ātmā hi sva-prakāśa-rūpatayā nirupādhi-parama-premāspadatayā ca tat-tad-rūpeṇa pratīyata ity arthaḥ | ","निर्विकल्पब्रह्मणस् तस्य स्वरूपलक्षणम् आह—प्रतिबोधमात्रम् इति, अजस्रसुखम् इति च । जडस्य दुःखस्य च प्रतियोगितया प्रतीयते यद् वस्तु, यच् च नित्यं, तद् एकरूपं तद्रूपम् इत्य् अर्थः । यद् आत्मतत्त्वं सर्वेषाम् आत्मनां मूलम् । आत्मा हि स्वप्रकाशरूपतया निरुपाधिपरमप्रेमास्पदतया च तत्तद्रूपेण प्रतीयत इत्य् अर्थः । ","निर्विकल्पब्रह्मणस् तस्य स्वरूपलक्षणम् आह—प्रतिबोधमात्रम् इति, अजस्रसुखम् इति च । जडस्य दुःखस्य च प्रतियोगितया प्रतीयते यद् वस्तु, यच् च नित्यꣳ, तद् एकरूपꣳ तद्रूपम् इत्य् अर्थः । यद् आत्मतत्त्वꣳ सर्वेषाम् आत्मनाꣳ मूलम् । आत्मा हि स्वप्रकाशरूपतया निरुपाधिपरमप्रेमास्पदतया च तत्तद्रूपेण प्रतीयत इत्य् अर्थः । "
111,"atha tasya sukha-rūpasya ajasratve hetum āha—śāśvat praśāntaṁ nityam eva kṣobha-rahitaṁ, tadvad abhayaṁ bhaya-śūnyaṁ, viśokaṁ śoka-rahitaṁ ceti | na ca sukha-rūpatve tasya puṇya-janyatvaṁ syād ity āha—śabdo na yatreti | yatra kriyārtho yajñādy-arthaḥ puru-kārakavān śabdo na pravartate ity arthaḥ | tvaṁ tv aupaniṣadaṁ puruṣam [bṛ.ā.u. 3.9.26] ity-ādi-rītyā kevalam upaniṣad eva prakāśikā bhavatīty arthaḥ | ","अथ तस्य सुखरूपस्य अजस्रत्वे हेतुम् आह—शाश्वत् प्रशान्तं नित्यम् एव क्षोभरहितं, तद्वद् अभयं भयशून्यं, विशोकं शोकरहितं चेति । न च सुखरूपत्वे तस्य पुण्यजन्यत्वं स्याद् इत्य् आह—शब्दो न यत्रेति । यत्र क्रियार्थो यज्ञाद्यर्थः पुरुकारकवान् शब्दो न प्रवर्तते इत्य् अर्थः । त्वं त्व् औपनिषदं पुरुषम् [बृ.आ.उ. ३.९.२६] इत्यादिरीत्या केवलम् उपनिषद् एव प्रकाशिका भवतीत्य् अर्थः । ","अथ तस्य सुखरूपस्य अजस्रत्वे हेतुम् आह—शाश्वत् प्रशान्तꣳ नित्यम् एव क्षोभरहितꣳ, तद्वद् अभयꣳ भयशून्यꣳ, विशोकꣳ शोकरहितꣳ चेति । न च सुखरूपत्वे तस्य पुण्यजन्यत्वꣳ स्याद् इत्य् आह—शब्दो न यत्रेति । यत्र क्रियार्थो यज्ञाद्यर्थः पुरुकारकवान् शब्दो न प्रवर्तते इत्य् अर्थः । त्वꣳ त्व् औपनिषदꣳ पुरुषम् [बृ.आ.उ. ३.९.२६] इत्यादिरीत्या केवलम् उपनिषद् एव प्रकाशिका भवतीत्य् अर्थः । "
112,"punaḥ sukha-svarūpatve cendriya-janyatvaṁ vyāvartayati—śuddham ity-ādinā | tatra śuddhaṁ doṣa-rahitam | samam uccāvacatā-śūnyam | sad-asataḥ paraṁ kāraṇa-kārya-vargād upari-sthitam | kiṁ bahunā ? ity āha—māyā ca yasyābhimukhe yad-unmukhatayā sthite jīvan-mukta-gaṇe vilajjamānaiva paraiti palāyate, tato dūraṁ gacchatīty arthaḥ ||","पुनः सुखस्वरूपत्वे चेन्द्रियजन्यत्वं व्यावर्तयति—शुद्धम् इत्यादिना । तत्र शुद्धं दोषरहितम् । समम् उच्चावचताशून्यम् । सदसतः परं कारणकार्यवर्गाद् उपरिस्थितम् । किं बहुना ? इत्य् आह—माया च यस्याभिमुखे यदुन्मुखतया स्थिते जीवन्मुक्तगणे विलज्जमानैव परैति पलायते, ततो दूरं गच्छतीत्य् अर्थः ॥","पुनः सुखस्वरूपत्वे चेन्द्रियजन्यत्वꣳ व्यावर्तयति—शुद्धम् इत्यादिना । तत्र शुद्धꣳ दोषरहितम् । समम् उच्चावचताशून्यम् । सदसतः परꣳ कारणकार्यवर्गाद् उपरिस्थितम् । किꣳ बहुना ? इत्य् आह—माया च यस्याभिमुखे यदुन्मुखतया स्थिते जीवन्मुक्तगणे विलज्जमानैव परैति पलायते, ततो दूरꣳ गच्छतीत्य् अर्थः ॥"
118,apaśyat puruṣaṁ pūrṇaṁ [bhā.pu. 1.7.4] iti | ,अपश्यत् पुरुषं पूर्णं [भा.पु. १.७.४] इति । ,अपश्यत् पुरुषꣳ पूर्णꣳ [भा.पु. १.७.४] इति । 
120,tad itthaṁ brahmaṇā coktam—,तद् इत्थं ब्रह्मणा चोक्तम्—,तद् इत्थꣳ ब्रह्मणा चोक्तम्—
121,tvaṁ bhakti-yoga-paribhāvita-hṛt-saroja,त्वं भक्तियोगपरिभावितहृत्सरोज,त्वꣳ भक्तियोगपरिभावितहृत्सरोज
122,āsse śrutekṣita-patho nanu nātha puṁsām || [bhā.pu. 3.9.11] iti ||,आस्से श्रुतेक्षितपथो ननु नाथ पुंसाम् ॥ [भा.पु. ३.९.११] इति ॥,आस्से श्रुतेक्षितपथो ननु नाथ पुꣳसाम् ॥ [भा.पु. ३.९.११] इति ॥
125,tasmai sva-lokaṁ bhagavān sabhājitaḥ,तस्मै स्वलोकं भगवान् सभाजितः,तस्मै स्वलोकꣳ भगवान् सभाजितः
126,sandarśayām āsa paraṁ na yat-param |,सन्दर्शयाम् आस परं न यत्परम् ।,सन्दर्शयाम् आस परꣳ न यत्परम् ।
127,vyapeta-saṅkleśa-vimoha-sādhvasaṁ,व्यपेतसङ्क्लेशविमोहसाध्वसं,व्यपेतसङ्क्लेशविमोहसाध्वसꣳ
130,sattvaṁ ca miśraṁ na ca kāla-vikramaḥ |,सत्त्वं च मिश्रं न च कालविक्रमः ।,सत्त्वꣳ च मिश्रꣳ न च कालविक्रमः ।
144,karoti mānaṁ bahudhā vibhūtibhiḥ |,करोति मानं बहुधा विभूतिभिः ।,करोति मानꣳ बहुधा विभूतिभिः ।
145,preṅkhaṁ śritā yā kusumākarānugair,प्रेङ्खं श्रिता या कुसुमाकरानुगैर्,प्रेङ्खꣳ श्रिता या कुसुमाकरानुगैर्
147,dadarśa tatrākhila-sātvatāṁ patiṁ,ददर्श तत्राखिलसात्वतां पतिं,ददर्श तत्राखिलसात्वताꣳ पतिꣳ
148,śriyaḥ patiṁ yajña-patiṁ jagat-patim |,श्रियः पतिं यज्ञपतिं जगत्पतिम् ।,श्रियः पतिꣳ यज्ञपतिꣳ जगत्पतिम् ।
150,sva-pārṣadāgraiḥ pariṣevitaṁ vibhum ||14||,स्वपार्षदाग्रैः परिषेवितं विभुम् ॥१४॥,स्वपार्षदाग्रैः परिषेवितꣳ विभुम् ॥१४॥
151,bhṛtya-prasādābhimukhaṁ dṛg-āsavaṁ,भृत्यप्रसादाभिमुखं दृगासवं,भृत्यप्रसादाभिमुखꣳ दृगासवꣳ
153,kirīṭinaṁ kuṇḍalinaṁ catur-bhujaṁ,किरीटिनं कुण्डलिनं चतुर्भुजं,किरीटिनꣳ कुण्डलिनꣳ चतुर्भुजꣳ
154,pītāṁśukaṁ vakṣasi lakṣitaṁ śriyā ||15||,पीतांशुकं वक्षसि लक्षितं श्रिया ॥१५॥,पीताꣳशुकꣳ वक्षसि लक्षितꣳ श्रिया ॥१५॥
155,adhyarhaṇīyāsanam āsthitaṁ paraṁ,अध्यर्हणीयासनम् आस्थितं परं,अध्यर्हणीयासनम् आस्थितꣳ परꣳ
156,vṛtaṁ catuḥ-ṣoḍaśa-pañca-śaktibhiḥ |,वृतं चतुःषोडशपञ्चशक्तिभिः ।,वृतꣳ चतुःषोडशपञ्चशक्तिभिः ।
157,yuktaṁ bhagaiḥ svair itaratra cādhruvaiḥ,युक्तं भगैः स्वैर् इतरत्र चाध्रुवैः,युक्तꣳ भगैः स्वैर् इतरत्र चाध्रुवैः
162,yat pāramahaṁsyena pathādhigamyate ||17||,यत् पारमहंस्येन पथाधिगम्यते ॥१७॥,यत् पारमहꣳस्येन पथाधिगम्यते ॥१७॥
163,taṁ prīyamāṇaṁ samupasthitaṁ kaviṁ,तं प्रीयमाणं समुपस्थितं कविं,तꣳ प्रीयमाणꣳ समुपस्थितꣳ कविꣳ
166,priyaḥ priyaṁ prīta-manāḥ kare spṛśan ||18|| [bhā.pu. 12.8.45-18],प्रियः प्रियं प्रीतमनाः करे स्पृशन् ॥१८॥ [भा.पु. १२.८.४५-१८],प्रियः प्रियꣳ प्रीतमनाः करे स्पृशन् ॥१८॥ [भा.पु. १२.८.४५-१८]
167,"(9) tasmai bhagavad-ājñā-puraskāreṇa śrī-nārāyaṇāhvaya-puruṣa-nābhi-paṅkaje sthitvaiva tat-toṣaṇais tapobhir bhajate brahmaṇe, sabhājitaḥ tena bhajanena vaśīkṛtaḥ san, sva-lokaṁ vaikuṇṭhaṁ bhuvanottamaṁ bhagavān samyag darśayāmāsa | yad yato vaikuṇṭhāt param anyad vaikuṇṭhaṁ paraṁ śreṣṭhaṁ na vidyate, parama-bhagavad-vaikuṇṭhatvāt | yad vā, yad yato vaikuṇṭhāt paraṁ brahmākhyaṁ tattvaṁ paraṁ bhinnaṁ na bhavati | svarūpa-śakti-viśeṣāviṣkāreṇa māyayānāvṛtaṁ tad eva tad-rūpam ity arthaḥ | agre tv idaṁ vyaktīkariṣyate | tādṛśatve hetuḥ—vyapeteti sva-dṛṣṭeti ca | avidyāsmitārāga-dveṣābhiniveśāḥ pañca kleśāḥ | vimohas taiḥ vaicittyaṁ, sādhvasaṁ bhayaṁ, vyapetāni saṅkleśādīni yatra tam | svasya dṛṣṭaṁ darśanaṁ tad vidyate yeṣāṁ tair ātmavidbhir api abhitaḥ sarvāṁśenaiva stutaṁ ślāghitam |","(९) तस्मै भगवदाज्ञापुरस्कारेण श्रीनारायणाह्वयपुरुषनाभिपङ्कजे स्थित्वैव तत्तोषणैस् तपोभिर् भजते ब्रह्मणे, सभाजितः तेन भजनेन वशीकृतः सन्, स्वलोकं वैकुण्ठं भुवनोत्तमं भगवान् सम्यग् दर्शयामास । यद् यतो वैकुण्ठात् परम् अन्यद् वैकुण्ठं परं श्रेष्ठं न विद्यते, परमभगवद्वैकुण्ठत्वात् । यद् वा, यद् यतो वैकुण्ठात् परं ब्रह्माख्यं तत्त्वं परं भिन्नं न भवति । स्वरूपशक्तिविशेषाविष्कारेण माययानावृतं तद् एव तद्रूपम् इत्य् अर्थः । अग्रे त्व् इदं व्यक्तीकरिष्यते । तादृशत्वे हेतुः—व्यपेतेति स्वदृष्टेति च । अविद्यास्मितारागद्वेषाभिनिवेशाः पञ्च क्लेशाः । विमोहस् तैः वैचित्त्यं, साध्वसं भयं, व्यपेतानि सङ्क्लेशादीनि यत्र तम् । स्वस्य दृष्टं दर्शनं तद् विद्यते येषां तैर् आत्मविद्भिर् अपि अभितः सर्वांशेनैव स्तुतं श्लाघितम् ।","(९) तस्मै भगवदाज्ञापुरस्कारेण श्रीनारायणाह्वयपुरुषनाभिपङ्कजे स्थित्वैव तत्तोषणैस् तपोभिर् भजते ब्रह्मणे, सभाजितः तेन भजनेन वशीकृतः सन्, स्वलोकꣳ वैकुण्ठꣳ भुवनोत्तमꣳ भगवान् सम्यग् दर्शयामास । यद् यतो वैकुण्ठात् परम् अन्यद् वैकुण्ठꣳ परꣳ श्रेष्ठꣳ न विद्यते, परमभगवद्वैकुण्ठत्वात् । यद् वा, यद् यतो वैकुण्ठात् परꣳ ब्रह्माख्यꣳ तत्त्वꣳ परꣳ भिन्नꣳ न भवति । स्वरूपशक्तिविशेषाविष्कारेण माययानावृतꣳ तद् एव तद्रूपम् इत्य् अर्थः । अग्रे त्व् इदꣳ व्यक्तीकरिष्यते । तादृशत्वे हेतुः—व्यपेतेति स्वदृष्टेति च । अविद्यास्मितारागद्वेषाभिनिवेशाः पञ्च क्लेशाः । विमोहस् तैः वैचित्त्यꣳ, साध्वसꣳ भयꣳ, व्यपेतानि सङ्क्लेशादीनि यत्र तम् । स्वस्य दृष्टꣳ दर्शनꣳ तद् विद्यते येषाꣳ तैर् आत्मविद्भिर् अपि अभितः सर्वाꣳशेनैव स्तुतꣳ श्लाघितम् ।"
169,vaikuṇṭhaṁ tad-adhiṣṭhānaṁ vikuṇṭhaṁ ca svayaṁ-prabham || ,वैकुण्ठं तदधिष्ठानं विकुण्ठं च स्वयंप्रभम् ॥ ,वैकुण्ठꣳ तदधिष्ठानꣳ विकुण्ठꣳ च स्वयꣳप्रभम् ॥ 
170,bhagavantaṁ parikramya praṇipatyānumānya ca |,भगवन्तं परिक्रम्य प्रणिपत्यानुमान्य च ।,भगवन्तꣳ परिक्रम्य प्रणिपत्यानुमान्य च ।
171,pratijagmuḥ pramuditāḥ śaṁsanto vaiṣṇavīṁ śriyam || [bhā.pu. 3.16.27-8] ,प्रतिजग्मुः प्रमुदिताः शंसन्तो वैष्णवीं श्रियम् ॥ [भा.पु. ३.१६.२७-८] ,प्रतिजग्मुः प्रमुदिताः शꣳसन्तो वैष्णवीꣳ श्रियम् ॥ [भा.पु. ३.१६.२७-८] 
174,sattvaṁ ca miśraṁ na ca kāla-vikramaḥ |,सत्त्वं च मिश्रं न च कालविक्रमः ।,सत्त्वꣳ च मिश्रꣳ न च कालविक्रमः ।
177,"(10) punas tādṛśatvam eva vyanakti—pravartate iti | yatra vaikuṇṭhe rajas tamaś ca na pravartate | tayor miśraṁ sahacaraṁ jaḍaṁ yat sattvaṁ, na tad api, kintu anyad eva | tac ca yā suṣṭhu sthāpayiṣyamāṇā māyātaḥ parā bhagavat-svarūpa-śaktiḥ, tasyā vṛttitvena cid-rūpaṁ śuddha-sattvākhyaṁ sattvam iti tadīya-prakaraṇa eva sthāpayiṣyate | tad eva ca yatra pravartate ity arthaḥ | ","(१०) पुनस् तादृशत्वम् एव व्यनक्ति—प्रवर्तते इति । यत्र वैकुण्ठे रजस् तमश् च न प्रवर्तते । तयोर् मिश्रं सहचरं जडं यत् सत्त्वं, न तद् अपि, किन्तु अन्यद् एव । तच् च या सुष्ठु स्थापयिष्यमाणा मायातः परा भगवत्स्वरूपशक्तिः, तस्या वृत्तित्वेन चिद्रूपं शुद्धसत्त्वाख्यं सत्त्वम् इति तदीयप्रकरण एव स्थापयिष्यते । तद् एव च यत्र प्रवर्तते इत्य् अर्थः । ","(१०) पुनस् तादृशत्वम् एव व्यनक्ति—प्रवर्तते इति । यत्र वैकुण्ठे रजस् तमश् च न प्रवर्तते । तयोर् मिश्रꣳ सहचरꣳ जडꣳ यत् सत्त्वꣳ, न तद् अपि, किन्तु अन्यद् एव । तच् च या सुष्ठु स्थापयिष्यमाणा मायातः परा भगवत्स्वरूपशक्तिः, तस्या वृत्तित्वेन चिद्रूपꣳ शुद्धसत्त्वाख्यꣳ सत्त्वम् इति तदीयप्रकरण एव स्थापयिष्यते । तद् एव च यत्र प्रवर्तते इत्य् अर्थः । "
179,lokaṁ vaikuṇṭha-nāmānaṁ ,लोकं वैकुण्ठनामानं ,लोकꣳ वैकुण्ठनामानꣳ 
180,divya-ṣaḍ-guṇa-saṁyutam |,दिव्यषड्गुणसंयुतम् ।,दिव्यषड्गुणसꣳयुतम् ।
181,avaiṣṇavānām aprāpyaṁ ,अवैष्णवानाम् अप्राप्यं ,अवैष्णवानाम् अप्राप्यꣳ 
183,"pādmottara-khaṇḍe tu vaikuṇṭha-nirūpaṇe tasya sattvasyāprākṛtatvaṁ sphuṭam evaṁ darśitam, yataḥ prakṛti-vibhūti-varṇanānantaram—","पाद्मोत्तरखण्डे तु वैकुण्ठनिरूपणे तस्य सत्त्वस्याप्राकृतत्वं स्फुटम् एवं दर्शितम्, यतः प्रकृतिविभूतिवर्णनानन्तरम्—","पाद्मोत्तरखण्डे तु वैकुण्ठनिरूपणे तस्य सत्त्वस्याप्राकृतत्वꣳ स्फुटम् एवꣳ दर्शितम्, यतः प्रकृतिविभूतिवर्णनानन्तरम्—"
184,evaṁ prākṛta-rūpāyā vibhūte rūpam uttamam |,एवं प्राकृतरूपाया विभूते रूपम् उत्तमम् ।,एवꣳ प्राकृतरूपाया विभूते रूपम् उत्तमम् ।
185,tripād-vibhūti-rūpaṁ tu śṛṇu bhūdhara-nandini ||,त्रिपाद्विभूतिरूपं तु शृणु भूधरनन्दिनि ॥,त्रिपाद्विभूतिरूपꣳ तु शृणु भूधरनन्दिनि ॥
188,tasyāḥ pāre para-vyomni tripād-bhūtaṁ sanātanam |,तस्याः पारे परव्योम्नि त्रिपाद्भूतं सनातनम् ।,तस्याः पारे परव्योम्नि त्रिपाद्भूतꣳ सनातनम् ।
189,amṛtaṁ śāśvataṁ nityam anantaṁ paraṁ padam ||,अमृतं शाश्वतं नित्यम् अनन्तं परं पदम् ॥,अमृतꣳ शाश्वतꣳ नित्यम् अनन्तꣳ परꣳ पदम् ॥
190,śuddha-sattva-mayaṁ divyam akṣaraṁ brahmaṇaḥ padam || [pa.pu. 6.227.57-60] ity-ādi ||,शुद्धसत्त्वमयं दिव्यम् अक्षरं ब्रह्मणः पदम् ॥ [प.पु. ६.२२७.५७-६०] इत्यादि ॥,शुद्धसत्त्वमयꣳ दिव्यम् अक्षरꣳ ब्रह्मणः पदम् ॥ [प.पु. ६.२२७.५७-६०] इत्यादि ॥
191,prākṛta-guṇānāṁ parasparāvyabhicāritvaṁ tūktaṁ sāṅkhya-kaumudyāṁ—anyonya-mithuna-vṛttaya iti | taṭ-ṭīkāyāṁ ca—anyonya-sahacarā avinābhāva-vartina iti yāvat | bhavati cātrāgamaḥ—,प्राकृतगुणानां परस्पराव्यभिचारित्वं तूक्तं साङ्ख्यकौमुद्यां—अन्योन्यमिथुनवृत्तय इति । तट्टीकायां च—अन्योन्यसहचरा अविनाभाववर्तिन इति यावत् । भवति चात्रागमः—,प्राकृतगुणानाꣳ परस्पराव्यभिचारित्वꣳ तूक्तꣳ साङ्ख्यकौमुद्याꣳ—अन्योन्यमिथुनवृत्तय इति । तट्टीकायाꣳ च—अन्योन्यसहचरा अविनाभाववर्तिन इति यावत् । भवति चात्रागमः—
193,"rajaso mithunaṁ sattvam ity ādy upakramya ,","रजसो मिथुनं सत्त्वम् इत्य् आद्य् उपक्रम्य ,","रजसो मिथुनꣳ सत्त्वम् इत्य् आद्य् उपक्रम्य ,"
194,naiṣām ādiś ca saṁyogo viyogo copalabhyate || iti ||,नैषाम् आदिश् च संयोगो वियोगो चोपलभ्यते ॥ इति ॥,नैषाम् आदिश् च सꣳयोगो वियोगो चोपलभ्यते ॥ इति ॥
195,"tasmād atra rajaso’sad-bhāvād asṛjyatvaṁ, tamaso’sad-bhāvād anāśyatvaṁ, prākṛta-sattvābhāvāc ca saccidānanda-rūpatvaṁ tasya darśitam | tatra hetuḥ—na ca kāla-vikrama iti | kāla-vikrameṇa hi prakṛti-kṣobhāt sattvādayaḥ pṛthak kriyante | tasmād yatrāsau ṣaḍ-bhāva-vikāra-hetuḥ kāla-vikrama eva na pravartate, tatra teṣām abhāvaḥ sutarām eveti bhāvaḥ | ","तस्माद् अत्र रजसोऽसद्भावाद् असृज्यत्वं, तमसोऽसद्भावाद् अनाश्यत्वं, प्राकृतसत्त्वाभावाच् च सच्चिदानन्दरूपत्वं तस्य दर्शितम् । तत्र हेतुः—न च कालविक्रम इति । कालविक्रमेण हि प्रकृतिक्षोभात् सत्त्वादयः पृथक् क्रियन्ते । तस्माद् यत्रासौ षड्भावविकारहेतुः कालविक्रम एव न प्रवर्तते, तत्र तेषाम् अभावः सुतराम् एवेति भावः । ","तस्माद् अत्र रजसोऽसद्भावाद् असृज्यत्वꣳ, तमसोऽसद्भावाद् अनाश्यत्वꣳ, प्राकृतसत्त्वाभावाच् च सच्चिदानन्दरूपत्वꣳ तस्य दर्शितम् । तत्र हेतुः—न च कालविक्रम इति । कालविक्रमेण हि प्रकृतिक्षोभात् सत्त्वादयः पृथक् क्रियन्ते । तस्माद् यत्रासौ षड्भावविकारहेतुः कालविक्रम एव न प्रवर्तते, तत्र तेषाम् अभावः सुतराम् एवेति भावः । "
196,"kiṁ ca, teṣāṁ mūlata eva kuṭhāra ity āha—na yatra māyeti | māyātra jagat-sṛṣṭy-ādi-hetur bhagavac-chaktiḥ, na tu kāpaṭya-mātram, raja-ādi-niṣedhenaiva tad-vyudāsāt | ","किं च, तेषां मूलत एव कुठार इत्य् आह—न यत्र मायेति । मायात्र जगत्सृष्ट्यादिहेतुर् भगवच्छक्तिः, न तु कापट्यमात्रम्, रजआदिनिषेधेनैव तद्व्युदासात् । ","किꣳ च, तेषाꣳ मूलत एव कुठार इत्य् आह—न यत्र मायेति । मायात्र जगत्सृष्ट्यादिहेतुर् भगवच्छक्तिः, न तु कापट्यमात्रम्, रजआदिनिषेधेनैव तद्व्युदासात् । "
197,"athavā, yatra tayoḥ sambandhi sattvaṁ prākṛta-sattvaṁ yat, tad api na pravartate | miśram apṛthag-bhūta-guṇa-trayaṁ pradhānaṁ ca | agre māyā-pradhānayor bhedo vivecanīyaḥ |","अथवा, यत्र तयोः सम्बन्धि सत्त्वं प्राकृतसत्त्वं यत्, तद् अपि न प्रवर्तते । मिश्रम् अपृथग्भूतगुणत्रयं प्रधानं च । अग्रे मायाप्रधानयोर् भेदो विवेचनीयः ।","अथवा, यत्र तयोः सम्बन्धि सत्त्वꣳ प्राकृतसत्त्वꣳ यत्, तद् अपि न प्रवर्तते । मिश्रम् अपृथग्भूतगुणत्रयꣳ प्रधानꣳ च । अग्रे मायाप्रधानयोर् भेदो विवेचनीयः ।"
198,kaimutyenoktam evārthaṁ draḍhayati—kim utāpare iti | tayor vimiśraṁ kiñcid rajas-tamo-miśraṁ sattvaṁ ca neti vyākhyā tu piṣṭa-peṣaṇam eva | sāmānyato rajas-tamo-niṣedhenaiva tat-pratipatteḥ |,कैमुत्येनोक्तम् एवार्थं द्रढयति—किम् उतापरे इति । तयोर् विमिश्रं किञ्चिद् रजस्तमोमिश्रं सत्त्वं च नेति व्याख्या तु पिष्टपेषणम् एव । सामान्यतो रजस्तमोनिषेधेनैव तत्प्रतिपत्तेः ।,कैमुत्येनोक्तम् एवार्थꣳ द्रढयति—किम् उतापरे इति । तयोर् विमिश्रꣳ किञ्चिद् रजस्तमोमिश्रꣳ सत्त्वꣳ च नेति व्याख्या तु पिष्टपेषणम् एव । सामान्यतो रजस्तमोनिषेधेनैव तत्प्रतिपत्तेः ।
200,vakṣyate ca tasya sattvasya prākṛtād anyatamatvaṁ dvādaśe śrī-nārāyaṇa-rṣiṁ prati mārkaṇḍeyena—,वक्ष्यते च तस्य सत्त्वस्य प्राकृताद् अन्यतमत्वं द्वादशे श्रीनारायणर्षिं प्रति मार्कण्डेयेन—,वक्ष्यते च तस्य सत्त्वस्य प्राकृताद् अन्यतमत्वꣳ द्वादशे श्रीनारायणर्षिꣳ प्रति मार्कण्डेयेन—
201,sattvaṁ rajas tama itīśa tavātma-bandho,सत्त्वं रजस् तम इतीश तवात्मबन्धो,सत्त्वꣳ रजस् तम इतीश तवात्मबन्धो
204,nānye nṝṇāṁ vyasana-moha-bhiyaś ca yābhyām ||,नान्ये नॄणां व्यसनमोहभियश् च याभ्याम् ॥,नान्ये नॄणाꣳ व्यसनमोहभियश् च याभ्याम् ॥
205,tasmāt taveha bhagavann atha tāvakānāṁ,तस्मात् तवेह भगवन्न् अथ तावकानां,तस्मात् तवेह भगवन्न् अथ तावकानाꣳ
206,śuklāṁ tanuṁ sva-dayitāṁ kuśalā bhajanti |,शुक्लां तनुं स्वदयितां कुशला भजन्ति ।,शुक्लाꣳ तनुꣳ स्वदयिताꣳ कुशला भजन्ति ।
207,yat sātvatāḥ puruṣa-rūpam uśanti sattvaṁ ,यत् सात्वताः पुरुषरूपम् उशन्ति सत्त्वं ,यत् सात्वताः पुरुषरूपम् उशन्ति सत्त्वꣳ 
208,loko yato’bhayam utātma-sukhaṁ na cānyad || [bhā.pu. 12.8.45-46] iti ||,लोको यतोऽभयम् उतात्मसुखं न चान्यद् ॥ [भा.पु. १२.८.४५-४६] इति ॥,लोको यतोऽभयम् उतात्मसुखꣳ न चान्यद् ॥ [भा.पु. १२.८.४५-४६] इति ॥
209,"anayor arthaḥ—he īśa ! yad api sattvaṁ rajas tama iti tavaiva māyā-kṛtā līlāḥ, katham-bhūtāḥ ? asya viśvasya sthity-ādi-hetavaḥ, tathāpi yā sattva-mayī saiva praśāntyai prakṛṣṭa-sukhāya bhavati, nānye rajas-tamo-mayyau | na kevalaṁ praśānty-abhāva-mātram anayoḥ, kintv aniṣṭaṁ cety āha—vyasaneti | ","अनयोर् अर्थः—हे ईश ! यद् अपि सत्त्वं रजस् तम इति तवैव मायाकृता लीलाः, कथम्भूताः ? अस्य विश्वस्य स्थित्यादिहेतवः, तथापि या सत्त्वमयी सैव प्रशान्त्यै प्रकृष्टसुखाय भवति, नान्ये रजस्तमोमय्यौ । न केवलं प्रशान्त्यभावमात्रम् अनयोः, किन्त्व् अनिष्टं चेत्य् आह—व्यसनेति । ","अनयोर् अर्थः—हे ईश ! यद् अपि सत्त्वꣳ रजस् तम इति तवैव मायाकृता लीलाः, कथम्भूताः ? अस्य विश्वस्य स्थित्यादिहेतवः, तथापि या सत्त्वमयी सैव प्रशान्त्यै प्रकृष्टसुखाय भवति, नान्ये रजस्तमोमय्यौ । न केवलꣳ प्रशान्त्यभावमात्रम् अनयोः, किन्त्व् अनिष्टꣳ चेत्य् आह—व्यसनेति । "
210,"he bhagavan ! tasmāt tava śuklāṁ sattva-maya-līlādhiṣṭhātrīṁ tanuṁ śrī-viṣṇu-rūpāṁ kuśalā nipuṇā bhajanti sevante, na tv anyāṁ brahma-rudra-rūpām | tathā tāvakānāṁ jīvānāṁ ca madhye śuklāṁ sattvaika-niṣṭhāṁ tanuṁ tad-bhakta-lakṣaṇa-svāyambhuva-manv-ādi-rūpāṁ te bhajanti anusaranti, na tu dakṣa-bhairavādi-rūpām | katham-bhūtām ? svasya tavāpi dayitāṁ loka-śānti-karatvāt |","हे भगवन् ! तस्मात् तव शुक्लां सत्त्वमयलीलाधिष्ठात्रीं तनुं श्रीविष्णुरूपां कुशला निपुणा भजन्ति सेवन्ते, न त्व् अन्यां ब्रह्मरुद्ररूपाम् । तथा तावकानां जीवानां च मध्ये शुक्लां सत्त्वैकनिष्ठां तनुं तद्भक्तलक्षणस्वायम्भुवमन्वादिरूपां ते भजन्ति अनुसरन्ति, न तु दक्षभैरवादिरूपाम् । कथम्भूताम् ? स्वस्य तवापि दयितां लोकशान्तिकरत्वात् ।","हे भगवन् ! तस्मात् तव शुक्लाꣳ सत्त्वमयलीलाधिष्ठात्रीꣳ तनुꣳ श्रीविष्णुरूपाꣳ कुशला निपुणा भजन्ति सेवन्ते, न त्व् अन्याꣳ ब्रह्मरुद्ररूपाम् । तथा तावकानाꣳ जीवानाꣳ च मध्ये शुक्लाꣳ सत्त्वैकनिष्ठाꣳ तनुꣳ तद्भक्तलक्षणस्वायम्भुवमन्वादिरूपाꣳ ते भजन्ति अनुसरन्ति, न तु दक्षभैरवादिरूपाम् । कथम्भूताम् ? स्वस्य तवापि दयिताꣳ लोकशान्तिकरत्वात् ।"
211,"nanu mama rūpam api sattvātmakam iti prasiddhaṁ | tarhi kathaṁ tasyāpi māyāmayatvam eva ? nahi nahīty āha—sātvatāḥ śrī-bhāgavatā yat sattvaṁ puruṣasya tava rūpaṁ prakāśam uśanti manyante, yataś ca sattvāt loko vaikuṇṭhākhyaḥ prakāśate, tad abhayam ātma-sukhaṁ para-brahmānanda-svarūpam eva, na tv anyat prakṛti-jaṁ sattvaṁ tad iti | ","ननु मम रूपम् अपि सत्त्वात्मकम् इति प्रसिद्धं । तर्हि कथं तस्यापि मायामयत्वम् एव ? नहि नहीत्य् आह—सात्वताः श्रीभागवता यत् सत्त्वं पुरुषस्य तव रूपं प्रकाशम् उशन्ति मन्यन्ते, यतश् च सत्त्वात् लोको वैकुण्ठाख्यः प्रकाशते, तद् अभयम् आत्मसुखं परब्रह्मानन्दस्वरूपम् एव, न त्व् अन्यत् प्रकृतिजं सत्त्वं तद् इति । ","ननु मम रूपम् अपि सत्त्वात्मकम् इति प्रसिद्धꣳ । तर्हि कथꣳ तस्यापि मायामयत्वम् एव ? नहि नहीत्य् आह—सात्वताः श्रीभागवता यत् सत्त्वꣳ पुरुषस्य तव रूपꣳ प्रकाशम् उशन्ति मन्यन्ते, यतश् च सत्त्वात् लोको वैकुण्ठाख्यः प्रकाशते, तद् अभयम् आत्मसुखꣳ परब्रह्मानन्दस्वरूपम् एव, न त्व् अन्यत् प्रकृतिजꣳ सत्त्वꣳ तद् इति । "
212,"atra sattva-śabdena sva-prakāśatā-lakṣaṇa-svarūpa-śakti-vṛtti-viśeṣa ucyate, sattvaṁ viśuddhaṁ vasudeva-śabditaṁ yad īyate tatra pumān apāvṛtaḥ [bhā.pu. 4.3.23] ity-ādy-udāhariṣyamāṇānusārāt agocarasya [prākṛtāpratyakṣa-vastunaḥ pratyakṣatve kāraṇaṁ prākṛtaṁ sattvaṁ] gocaratve hetuḥ prakṛti-guṇaḥ sattvam ity aśuddha-sattva-lakṣaṇa-prasiddhy-anusāreṇa tathābhūtaś [aprākṛtāpratyakṣa-vastunaḥ pratyakṣatve kāraṇaṁ] cic-chakti-vṛtti-viśeṣaḥ sattvam iti saṅgati-lābhāc ca | ","अत्र सत्त्वशब्देन स्वप्रकाशतालक्षणस्वरूपशक्तिवृत्तिविशेष उच्यते, सत्त्वं विशुद्धं वसुदेवशब्दितं यद् ईयते तत्र पुमान् अपावृतः [भा.पु. ४.३.२३] इत्याद्युदाहरिष्यमाणानुसारात् अगोचरस्य [प्राकृताप्रत्यक्षवस्तुनः प्रत्यक्षत्वे कारणं प्राकृतं सत्त्वं] गोचरत्वे हेतुः प्रकृतिगुणः सत्त्वम् इत्य् अशुद्धसत्त्वलक्षणप्रसिद्ध्यनुसारेण तथाभूतश् [अप्राकृताप्रत्यक्षवस्तुनः प्रत्यक्षत्वे कारणं] चिच्छक्तिवृत्तिविशेषः सत्त्वम् इति सङ्गतिलाभाच् च । ","अत्र सत्त्वशब्देन स्वप्रकाशतालक्षणस्वरूपशक्तिवृत्तिविशेष उच्यते, सत्त्वꣳ विशुद्धꣳ वसुदेवशब्दितꣳ यद् ईयते तत्र पुमान् अपावृतः [भा.पु. ४.३.२३] इत्याद्युदाहरिष्यमाणानुसारात् अगोचरस्य [प्राकृताप्रत्यक्षवस्तुनः प्रत्यक्षत्वे कारणꣳ प्राकृतꣳ सत्त्वꣳ] गोचरत्वे हेतुः प्रकृतिगुणः सत्त्वम् इत्य् अशुद्धसत्त्वलक्षणप्रसिद्ध्यनुसारेण तथाभूतश् [अप्राकृताप्रत्यक्षवस्तुनः प्रत्यक्षत्वे कारणꣳ] चिच्छक्तिवृत्तिविशेषः सत्त्वम् इति सङ्गतिलाभाच् च । "
213,"tataś ca tasya svarūpa-śakti-vṛttitvena svarūpātmataivety uktam—tad abhayam ātma-sukham iti | śaktitva-prādhānya-vivakṣayoktaṁ—loko yata iti | arthāntare bhagavad-vigrahaṁ prati rūpaṁ yad etad [bhā.pu. 3.9.2] ity-ādau śuddha-sattva-svarūpa-mātratva-pratijñā-bhaṅgaḥ, abhayam ity-ādau prāñjalatā-hāniś ca bhavati | ","ततश् च तस्य स्वरूपशक्तिवृत्तित्वेन स्वरूपात्मतैवेत्य् उक्तम्—तद् अभयम् आत्मसुखम् इति । शक्तित्वप्राधान्यविवक्षयोक्तं—लोको यत इति । अर्थान्तरे भगवद्विग्रहं प्रति रूपं यद् एतद् [भा.पु. ३.९.२] इत्यादौ शुद्धसत्त्वस्वरूपमात्रत्वप्रतिज्ञाभङ्गः, अभयम् इत्यादौ प्राञ्जलताहानिश् च भवति । ","ततश् च तस्य स्वरूपशक्तिवृत्तित्वेन स्वरूपात्मतैवेत्य् उक्तम्—तद् अभयम् आत्मसुखम् इति । शक्तित्वप्राधान्यविवक्षयोक्तꣳ—लोको यत इति । अर्थान्तरे भगवद्विग्रहꣳ प्रति रूपꣳ यद् एतद् [भा.पु. ३.९.२] इत्यादौ शुद्धसत्त्वस्वरूपमात्रत्वप्रतिज्ञाभङ्गः, अभयम् इत्यादौ प्राञ्जलताहानिश् च भवति । "
214,anyat-padasyaikasyaiva rajas tamaś ceti dvir-āvṛttau pratipatti-gauravaṁ cotpadyate | pūrvam api nānye iti dvi-vacanenaiva parāmṛṣṭe | tasmād asti prasiddhād anyat svarūpa-bhūtaṁ sattvam |,अन्यत्पदस्यैकस्यैव रजस् तमश् चेति द्विरावृत्तौ प्रतिपत्तिगौरवं चोत्पद्यते । पूर्वम् अपि नान्ये इति द्विवचनेनैव परामृष्टे । तस्माद् अस्ति प्रसिद्धाद् अन्यत् स्वरूपभूतं सत्त्वम् ।,अन्यत्पदस्यैकस्यैव रजस् तमश् चेति द्विरावृत्तौ प्रतिपत्तिगौरवꣳ चोत्पद्यते । पूर्वम् अपि नान्ये इति द्विवचनेनैव परामृष्टे । तस्माद् अस्ति प्रसिद्धाद् अन्यत् स्वरूपभूतꣳ सत्त्वम् ।
215,"yad evaikādaśe yat-kāya eṣa bhuvana-traya-sanniveśaḥ [bhā.pu. 11.4.4] ity ādau, jñānaṁ svata ity atra ṭīkā-kṛn-mataṁ yasya svarūpa-bhūtāt sattvāt tanu-bhṛtāṁ jñānam ity anena, tathā paro-rajaḥ savitur jāta-vedā devasya bhargaḥ [bhā.pu. 5.7.14] ity-ādau śrī-bharata-jāpye tan-mataṁ paro-rajaḥ rajasaḥ prakṛteḥ paraṁ śuddha-sattvātmakam ity ādinā, ata eva prākṛtāḥ sattvādayo guṇā jīvasyaiva, na tv īśasyeti śrūyate | ","यद् एवैकादशे यत्काय एष भुवनत्रयसन्निवेशः [भा.पु. ११.४.४] इत्य् आदौ, ज्ञानं स्वत इत्य् अत्र टीकाकृन्मतं यस्य स्वरूपभूतात् सत्त्वात् तनुभृतां ज्ञानम् इत्य् अनेन, तथा परोरजः सवितुर् जातवेदा देवस्य भर्गः [भा.पु. ५.७.१४] इत्यादौ श्रीभरतजाप्ये तन्मतं परोरजः रजसः प्रकृतेः परं शुद्धसत्त्वात्मकम् इत्य् आदिना, अत एव प्राकृताः सत्त्वादयो गुणा जीवस्यैव, न त्व् ईशस्येति श्रूयते । ","यद् एवैकादशे यत्काय एष भुवनत्रयसन्निवेशः [भा.पु. ११.४.४] इत्य् आदौ, ज्ञानꣳ स्वत इत्य् अत्र टीकाकृन्मतꣳ यस्य स्वरूपभूतात् सत्त्वात् तनुभृताꣳ ज्ञानम् इत्य् अनेन, तथा परोरजः सवितुर् जातवेदा देवस्य भर्गः [भा.पु. ५.७.१४] इत्यादौ श्रीभरतजाप्ये तन्मतꣳ परोरजः रजसः प्रकृतेः परꣳ शुद्धसत्त्वात्मकम् इत्य् आदिना, अत एव प्राकृताः सत्त्वादयो गुणा जीवस्यैव, न त्व् ईशस्येति श्रूयते । "
216,athaikādaśe sattvaṁ rajas tama iti guṇā jīvasya naiva me [bhā.pu. 11.25.12] iti | śrī-bhagavad-upaniṣatsu ca—,अथैकादशे सत्त्वं रजस् तम इति गुणा जीवस्य नैव मे [भा.पु. ११.२५.१२] इति । श्रीभगवदुपनिषत्सु च—,अथैकादशे सत्त्वꣳ रजस् तम इति गुणा जीवस्य नैव मे [भा.पु. ११.२५.१२] इति । श्रीभगवदुपनिषत्सु च—
218,matta eveti tān viddhi na tv ahaṁ teṣu te mayi ||,मत्त एवेति तान् विद्धि न त्व् अहं तेषु ते मयि ॥,मत्त एवेति तान् विद्धि न त्व् अहꣳ तेषु ते मयि ॥
219,tribhir guṇa-mayair bhāvair ebhiḥ sarvam idaṁ jagat |,त्रिभिर् गुणमयैर् भावैर् एभिः सर्वम् इदं जगत् ।,त्रिभिर् गुणमयैर् भावैर् एभिः सर्वम् इदꣳ जगत् ।
220,mohitaṁ nābhijānāti mām ebhyaḥ param avyayam ||,मोहितं नाभिजानाति माम् एभ्यः परम् अव्ययम् ॥,मोहितꣳ नाभिजानाति माम् एभ्यः परम् अव्ययम् ॥
222,mām eva ye prapadyante māyām etāṁ taranti te || [gītā 7.12-4] iti |,माम् एव ये प्रपद्यन्ते मायाम् एतां तरन्ति ते ॥ [गीता ७.१२-४] इति ।,माम् एव ये प्रपद्यन्ते मायाम् एताꣳ तरन्ति ते ॥ [गीता ७.१२-४] इति ।
225,sa sarva-dṛg upadraṣṭā taṁ bhajan nirguṇo bhavet || [bhā.pu. 10.88.5] iti |,स सर्वदृग् उपद्रष्टा तं भजन् निर्गुणो भवेत् ॥ [भा.पु. १०.८८.५] इति ।,स सर्वदृग् उपद्रष्टा तꣳ भजन् निर्गुणो भवेत् ॥ [भा.पु. १०.८८.५] इति ।
229,atra prākṛtā iti viśiṣyāprākṛtās tv anye guṇās tasmin santy eveti vyañjitaṁ tatraiva | ,अत्र प्राकृता इति विशिष्याप्राकृतास् त्व् अन्ये गुणास् तस्मिन् सन्त्य् एवेति व्यञ्जितं तत्रैव । ,अत्र प्राकृता इति विशिष्याप्राकृतास् त्व् अन्ये गुणास् तस्मिन् सन्त्य् एवेति व्यञ्जितꣳ तत्रैव । 
230,hlādinī sandhinī saṁvit tvayy ekā sarva-saṁśraye |,ह्लादिनी सन्धिनी संवित् त्वय्य् एका सर्वसंश्रये ।,ह्लादिनी सन्धिनी सꣳवित् त्वय्य् एका सर्वसꣳश्रये ।
233,viśuddha-sattvaṁ tava dhāma śāntaṁ,विशुद्धसत्त्वं तव धाम शान्तं,विशुद्धसत्त्वꣳ तव धाम शान्तꣳ
234,tapomayaṁ dhvasta-rajas-tamaskam |,तपोमयं ध्वस्तरजस्तमस्कम् ।,तपोमयꣳ ध्वस्तरजस्तमस्कम् ।
235,māyāmayo’yaṁ guṇa-saṁpravāho,मायामयोऽयं गुणसंप्रवाहो,मायामयोऽयꣳ गुणसꣳप्रवाहो
237,"ayam arthaḥ—dhāma svarūpa-bhūta-prakāśa-śaktiḥ | viśuddhatvam āha viśeṣaṇa-dvayena | dhvasta-rajas-tamaskaṁ tapo-mayam iti ca | tapo’tra jñānaṁ, sa tapo’tapyata [tai.u. 2.6, bṛ.ā.u. 1.2.6] iti śruteḥ | tapo-mayaṁ pracura-jñāna-svarūpam, jāḍyāṁśenāpi rahitam ity arthaḥ | ātmā jñāna-mayaḥ śuddhaḥ [bhā.pu. 10.47.31] itivat | ataḥ prākṛta-sattvam api vyāvṛttam | ata eva māyā-mayo’yaṁ sattvādi-guṇa-pravāhas te tava na vidyate, yato’sāv ajñānenaivānubandha iti |","अयम् अर्थः—धाम स्वरूपभूतप्रकाशशक्तिः । विशुद्धत्वम् आह विशेषणद्वयेन । ध्वस्तरजस्तमस्कं तपोमयम् इति च । तपोऽत्र ज्ञानं, स तपोऽतप्यत [तै.उ. २.६, बृ.आ.उ. १.२.६] इति श्रुतेः । तपोमयं प्रचुरज्ञानस्वरूपम्, जाड्यांशेनापि रहितम् इत्य् अर्थः । आत्मा ज्ञानमयः शुद्धः [भा.पु. १०.४७.३१] इतिवत् । अतः प्राकृतसत्त्वम् अपि व्यावृत्तम् । अत एव मायामयोऽयं सत्त्वादिगुणप्रवाहस् ते तव न विद्यते, यतोऽसाव् अज्ञानेनैवानुबन्ध इति ।","अयम् अर्थः—धाम स्वरूपभूतप्रकाशशक्तिः । विशुद्धत्वम् आह विशेषणद्वयेन । ध्वस्तरजस्तमस्कꣳ तपोमयम् इति च । तपोऽत्र ज्ञानꣳ, स तपोऽतप्यत [तै.उ. २.६, बृ.आ.उ. १.२.६] इति श्रुतेः । तपोमयꣳ प्रचुरज्ञानस्वरूपम्, जाड्याꣳशेनापि रहितम् इत्य् अर्थः । आत्मा ज्ञानमयः शुद्धः [भा.पु. १०.४७.३१] इतिवत् । अतः प्राकृतसत्त्वम् अपि व्यावृत्तम् । अत एव मायामयोऽयꣳ सत्त्वादिगुणप्रवाहस् ते तव न विद्यते, यतोऽसाव् अज्ञानेनैवानुबन्ध इति ।"
238,ata eva śrī-bhagavantaṁ prati brahmādīnāṁ sa-yuktikam—,अत एव श्रीभगवन्तं प्रति ब्रह्मादीनां सयुक्तिकम्—,अत एव श्रीभगवन्तꣳ प्रति ब्रह्मादीनाꣳ सयुक्तिकम्—
239,sattvaṁ viśuddhaṁ śrayate bhavān sthitau,सत्त्वं विशुद्धं श्रयते भवान् स्थितौ,सत्त्वꣳ विशुद्धꣳ श्रयते भवान् स्थितौ
240,śarīriṇāṁ śreya-upāyanaṁ vapuḥ |,शरीरिणां श्रेयौपायनं वपुः ।,शरीरिणाꣳ श्रेयौपायनꣳ वपुः ।
242,tavārhaṇaṁ yena janaḥ samīhate ||,तवार्हणं येन जनः समीहते ॥,तवार्हणꣳ येन जनः समीहते ॥
243,sattvaṁ na ced dhātar idaṁ nijaṁ bhaved,सत्त्वं न चेद् धातर् इदं निजं भवेद्,सत्त्वꣳ न चेद् धातर् इदꣳ निजꣳ भवेद्
247,ayam arthaḥ—sattvaṁ tena prakāśamānatvāt tad-abhinnatayā rūpitaṁ vapur bhavān śrayate prakaṭayati | kathambhūtaṁ sattvaṁ ? viśuddham | anyasya rajas-tamobhyām amiśrasyāpi prākṛtatvena jāḍyāṁśa-saṁvalitatvān na viśeṣeṇa śuddhatvam | etat tu svarūpa-śakty-ātmatvena tad-aṁśasyāpy asparśād atīva śuddham ity arthaḥ | ,अयम् अर्थः—सत्त्वं तेन प्रकाशमानत्वात् तदभिन्नतया रूपितं वपुर् भवान् श्रयते प्रकटयति । कथम्भूतं सत्त्वं ? विशुद्धम् । अन्यस्य रजस्तमोभ्याम् अमिश्रस्यापि प्राकृतत्वेन जाड्यांशसंवलितत्वान् न विशेषेण शुद्धत्वम् । एतत् तु स्वरूपशक्त्यात्मत्वेन तदंशस्याप्य् अस्पर्शाद् अतीव शुद्धम् इत्य् अर्थः । ,अयम् अर्थः—सत्त्वꣳ तेन प्रकाशमानत्वात् तदभिन्नतया रूपितꣳ वपुर् भवान् श्रयते प्रकटयति । कथम्भूतꣳ सत्त्वꣳ ? विशुद्धम् । अन्यस्य रजस्तमोभ्याम् अमिश्रस्यापि प्राकृतत्वेन जाड्याꣳशसꣳवलितत्वान् न विशेषेण शुद्धत्वम् । एतत् तु स्वरूपशक्त्यात्मत्वेन तदꣳशस्याप्य् अस्पर्शाद् अतीव शुद्धम् इत्य् अर्थः । 
248,"kim arthaṁ śraye ? śarīriṇāṁ sthitau, nija-caraṇāravinde manaḥ-sthairyāya sarvatra bhakti-sukha-dānasyaiva tvadīya-mukhya-prayojanatvād iti bhāvaḥ, bhakti-yoga-vidhānārtham [bhā.pu. 1.8.19] iti śrī-kuntī-vākyāt |","किम् अर्थं श्रये ? शरीरिणां स्थितौ, निजचरणारविन्दे मनःस्थैर्याय सर्वत्र भक्तिसुखदानस्यैव त्वदीयमुख्यप्रयोजनत्वाद् इति भावः, भक्तियोगविधानार्थम् [भा.पु. १.८.१९] इति श्रीकुन्तीवाक्यात् ।","किम् अर्थꣳ श्रये ? शरीरिणाꣳ स्थितौ, निजचरणारविन्दे मनःस्थैर्याय सर्वत्र भक्तिसुखदानस्यैव त्वदीयमुख्यप्रयोजनत्वाद् इति भावः, भक्तियोगविधानार्थम् [भा.पु. १.८.१९] इति श्रीकुन्तीवाक्यात् ।"
249,"katham-bhūtaṁ vapuḥ ? śreyasāṁ sarveṣāṁ puruṣārthānām upāyanam āśrayam | nityānanda-paramānanda-rūpam ity arthaḥ | ato vapuṣas tava ca bheda-nirdeśo’yam aupacārika eveti bhāvaḥ | ata eva yena vapuṣā, yad-vapur-ālambanenaiva janas tavārhaṇaṁ pūjāṁ karoti | kaiḥ sādhanaiḥ ? vedādibhis tvad-ālambakair ity arthaḥ | sādhanais tv arpitair eva tvad-arhaṇa-prāyatāsiddhāv api vapuṣo’napekṣatvāt | ","कथम्भूतं वपुः ? श्रेयसां सर्वेषां पुरुषार्थानाम् उपायनम् आश्रयम् । नित्यानन्दपरमानन्दरूपम् इत्य् अर्थः । अतो वपुषस् तव च भेदनिर्देशोऽयम् औपचारिक एवेति भावः । अत एव येन वपुषा, यद्वपुरालम्बनेनैव जनस् तवार्हणं पूजां करोति । कैः साधनैः ? वेदादिभिस् त्वदालम्बकैर् इत्य् अर्थः । साधनैस् त्व् अर्पितैर् एव त्वदर्हणप्रायतासिद्धाव् अपि वपुषोऽनपेक्षत्वात् । ","कथम्भूतꣳ वपुः ? श्रेयसाꣳ सर्वेषाꣳ पुरुषार्थानाम् उपायनम् आश्रयम् । नित्यानन्दपरमानन्दरूपम् इत्य् अर्थः । अतो वपुषस् तव च भेदनिर्देशोऽयम् औपचारिक एवेति भावः । अत एव येन वपुषा, यद्वपुरालम्बनेनैव जनस् तवार्हणꣳ पूजाꣳ करोति । कैः साधनैः ? वेदादिभिस् त्वदालम्बकैर् इत्य् अर्थः । साधनैस् त्व् अर्पितैर् एव त्वदर्हणप्रायतासिद्धाव् अपि वपुषोऽनपेक्षत्वात् । "
250,"tādṛśa-vapuḥ-prakāśa-hetutvena svarūpātmakatvaṁ spaṣṭayanti—he dhātaś ! ced yadi idaṁ sattvaṁ yat tava nijaṁ vijñānam anubhavaḥ, tadātmikā sva-prakāśatā-śaktir ity arthaḥ, tan na bhavet, tarhi tv ajñāna-bhidā sva-prakāśasya tavānubhava-prakāra eva mārjanaṁ śuddhim avāpa | saiva jagati paryavasīyate, na tu tavānubhava-leśo’pīty arthaḥ | ","तादृशवपुःप्रकाशहेतुत्वेन स्वरूपात्मकत्वं स्पष्टयन्ति—हे धातश् ! चेद् यदि इदं सत्त्वं यत् तव निजं विज्ञानम् अनुभवः, तदात्मिका स्वप्रकाशताशक्तिर् इत्य् अर्थः, तन् न भवेत्, तर्हि त्व् अज्ञानभिदा स्वप्रकाशस्य तवानुभवप्रकार एव मार्जनं शुद्धिम् अवाप । सैव जगति पर्यवसीयते, न तु तवानुभवलेशोऽपीत्य् अर्थः । ","तादृशवपुःप्रकाशहेतुत्वेन स्वरूपात्मकत्वꣳ स्पष्टयन्ति—हे धातश् ! चेद् यदि इदꣳ सत्त्वꣳ यत् तव निजꣳ विज्ञानम् अनुभवः, तदात्मिका स्वप्रकाशताशक्तिर् इत्य् अर्थः, तन् न भवेत्, तर्हि त्व् अज्ञानभिदा स्वप्रकाशस्य तवानुभवप्रकार एव मार्जनꣳ शुद्धिम् अवाप । सैव जगति पर्यवसीयते, न तु तवानुभवलेशोऽपीत्य् अर्थः । "
251,"nanu prākṛta-sattva-guṇenaiṣa bhavatu, kiṁ nijena ? ity āha—prākṛta-guṇa-prakāśair bhavān kevalam anumīyate, na tu sākṣātkriyata ity arthaḥ | athavā, tava vijñāna-rūpam ajñāna-bhidāyā apamārjanaṁ ca yan nijaṁ sattvaṁ, tad yadi na bhaven nāvirbhavati, tadaiva prākṛta-sattvādi-guṇa-prakāśair bhavān anumīyate, tvan-nija-sattāvirbhāveṇa tu sākṣāt-kriyata evety arthaḥ | ","ननु प्राकृतसत्त्वगुणेनैष भवतु, किं निजेन ? इत्य् आह—प्राकृतगुणप्रकाशैर् भवान् केवलम् अनुमीयते, न तु साक्षात्क्रियत इत्य् अर्थः । अथवा, तव विज्ञानरूपम् अज्ञानभिदाया अपमार्जनं च यन् निजं सत्त्वं, तद् यदि न भवेन् नाविर्भवति, तदैव प्राकृतसत्त्वादिगुणप्रकाशैर् भवान् अनुमीयते, त्वन्निजसत्ताविर्भावेण तु साक्षात्क्रियत एवेत्य् अर्थः । ","ननु प्राकृतसत्त्वगुणेनैष भवतु, किꣳ निजेन ? इत्य् आह—प्राकृतगुणप्रकाशैर् भवान् केवलम् अनुमीयते, न तु साक्षात्क्रियत इत्य् अर्थः । अथवा, तव विज्ञानरूपम् अज्ञानभिदाया अपमार्जनꣳ च यन् निजꣳ सत्त्वꣳ, तद् यदि न भवेन् नाविर्भवति, तदैव प्राकृतसत्त्वादिगुणप्रकाशैर् भवान् अनुमीयते, त्वन्निजसत्ताविर्भावेण तु साक्षात्क्रियत एवेत्य् अर्थः । "
252,"tad eva spaṣṭayituṁ tatrānumāne dvaividhyam āhuḥ—yasya guṇaḥ prakāśate, yena vā guṇaḥ prakāśata iti | asvarūpa-bhūtasyaiva sattvādi-guṇasya tvad-avyabhicāri-sambandhitva-mātreṇa vā tvad-eka-prakāśyamānatā-mātreṇa vā tval-liṅgatvam ity arthaḥ | yathā aruṇodayasya sūryodaya-sānnidhya-liṅgatvaṁ, yathā vā dhūmasyāgni-liṅgatvam iti | tata ubhayathāpi tava sākṣātkāre tasya sādhakatamatvābhāvo yukta iti bhāvaḥ |","तद् एव स्पष्टयितुं तत्रानुमाने द्वैविध्यम् आहुः—यस्य गुणः प्रकाशते, येन वा गुणः प्रकाशत इति । अस्वरूपभूतस्यैव सत्त्वादिगुणस्य त्वदव्यभिचारिसम्बन्धित्वमात्रेण वा त्वदेकप्रकाश्यमानतामात्रेण वा त्वल्लिङ्गत्वम् इत्य् अर्थः । यथा अरुणोदयस्य सूर्योदयसान्निध्यलिङ्गत्वं, यथा वा धूमस्याग्निलिङ्गत्वम् इति । तत उभयथापि तव साक्षात्कारे तस्य साधकतमत्वाभावो युक्त इति भावः ।","तद् एव स्पष्टयितुꣳ तत्रानुमाने द्वैविध्यम् आहुः—यस्य गुणः प्रकाशते, येन वा गुणः प्रकाशत इति । अस्वरूपभूतस्यैव सत्त्वादिगुणस्य त्वदव्यभिचारिसम्बन्धित्वमात्रेण वा त्वदेकप्रकाश्यमानतामात्रेण वा त्वल्लिङ्गत्वम् इत्य् अर्थः । यथा अरुणोदयस्य सूर्योदयसान्निध्यलिङ्गत्वꣳ, यथा वा धूमस्याग्निलिङ्गत्वम् इति । तत उभयथापि तव साक्षात्कारे तस्य साधकतमत्वाभावो युक्त इति भावः ।"
253,"tad evam aprākṛta-sattvasya tvadīya-sva-prakāśatā-rūpatvaṁ, yena sva-prakāśasya tava sākṣātkāro bhavatīti sthāpitam | atra ye viśuddha-sattvaṁ nāma prākṛtam eva rajas-tamaḥ-śūnyaṁ matvā tat-kāryaṁ bhagavad-vigrahādikaṁ manyante, te tu na kenāpy anugṛhītāḥ, rajaḥ-sambandhābhāvena svataḥ-praśānta-svabhāvasya sarvatrodāsīnatākṛti-hetos tasya kṣobhāsambhavāt, vidyāmayatvena yathāvasthita-vastu-prakāśitā-mātra-dharmatvāt, tasya kalpanāntarāyogyatvāc ca | tad uktam api agocarasya gocaratve hetuḥ prakṛti-guṇaḥ sattvam, gocarasya bahu-rūpatve rajaḥ, bahu-rūpasya tirohitatve tamaḥ | tathā parasparodāsīnatve sattvam | upakāritve rajaḥ, apakāritve tamaḥ, gocaratvādīni sthiti-sṛṣṭi-saṁhārāḥ udāsīnatvādīni ceti |","तद् एवम् अप्राकृतसत्त्वस्य त्वदीयस्वप्रकाशतारूपत्वं, येन स्वप्रकाशस्य तव साक्षात्कारो भवतीति स्थापितम् । अत्र ये विशुद्धसत्त्वं नाम प्राकृतम् एव रजस्तमःशून्यं मत्वा तत्कार्यं भगवद्विग्रहादिकं मन्यन्ते, ते तु न केनाप्य् अनुगृहीताः, रजःसम्बन्धाभावेन स्वतःप्रशान्तस्वभावस्य सर्वत्रोदासीनताकृतिहेतोस् तस्य क्षोभासम्भवात्, विद्यामयत्वेन यथावस्थितवस्तुप्रकाशितामात्रधर्मत्वात्, तस्य कल्पनान्तरायोग्यत्वाच् च । तद् उक्तम् अपि अगोचरस्य गोचरत्वे हेतुः प्रकृतिगुणः सत्त्वम्, गोचरस्य बहुरूपत्वे रजः, बहुरूपस्य तिरोहितत्वे तमः । तथा परस्परोदासीनत्वे सत्त्वम् । उपकारित्वे रजः, अपकारित्वे तमः, गोचरत्वादीनि स्थितिसृष्टिसंहाराः उदासीनत्वादीनि चेति ।","तद् एवम् अप्राकृतसत्त्वस्य त्वदीयस्वप्रकाशतारूपत्वꣳ, येन स्वप्रकाशस्य तव साक्षात्कारो भवतीति स्थापितम् । अत्र ये विशुद्धसत्त्वꣳ नाम प्राकृतम् एव रजस्तमःशून्यꣳ मत्वा तत्कार्यꣳ भगवद्विग्रहादिकꣳ मन्यन्ते, ते तु न केनाप्य् अनुगृहीताः, रजःसम्बन्धाभावेन स्वतःप्रशान्तस्वभावस्य सर्वत्रोदासीनताकृतिहेतोस् तस्य क्षोभासम्भवात्, विद्यामयत्वेन यथावस्थितवस्तुप्रकाशितामात्रधर्मत्वात्, तस्य कल्पनान्तरायोग्यत्वाच् च । तद् उक्तम् अपि अगोचरस्य गोचरत्वे हेतुः प्रकृतिगुणः सत्त्वम्, गोचरस्य बहुरूपत्वे रजः, बहुरूपस्य तिरोहितत्वे तमः । तथा परस्परोदासीनत्वे सत्त्वम् । उपकारित्वे रजः, अपकारित्वे तमः, गोचरत्वादीनि स्थितिसृष्टिसꣳहाराः उदासीनत्वादीनि चेति ।"
254,atha rajo-leśe tatra mantavye viśuddha-pada-vaiyarthyam ity alaṁ tan-mata-rajo-ghaṭa-praghaṭṭanayeti | pādmottara-khaṇḍe tu vaikuṇṭha-nirūpaṇe tasya sattvasyāprākṛtatvaṁ sphuṭam eva darśitam | yata uktaṁ prakṛti-vibhūti-varṇanānantaram |,अथ रजोलेशे तत्र मन्तव्ये विशुद्धपदवैयर्थ्यम् इत्य् अलं तन्मतरजोघटप्रघट्टनयेति । पाद्मोत्तरखण्डे तु वैकुण्ठनिरूपणे तस्य सत्त्वस्याप्राकृतत्वं स्फुटम् एव दर्शितम् । यत उक्तं प्रकृतिविभूतिवर्णनानन्तरम् ।,अथ रजोलेशे तत्र मन्तव्ये विशुद्धपदवैयर्थ्यम् इत्य् अलꣳ तन्मतरजोघटप्रघट्टनयेति । पाद्मोत्तरखण्डे तु वैकुण्ठनिरूपणे तस्य सत्त्वस्याप्राकृतत्वꣳ स्फुटम् एव दर्शितम् । यत उक्तꣳ प्रकृतिविभूतिवर्णनानन्तरम् ।
255,evaṁ prākṛta-rūpāya vibhūter rūpam uttamam |,एवं प्राकृतरूपाय विभूतेर् रूपम् उत्तमम् ।,एवꣳ प्राकृतरूपाय विभूतेर् रूपम् उत्तमम् ।
256,tripād-vibhūti-rūpaṁ tu śṛṇu bhūdhara-nandini ||,त्रिपाद्विभूतिरूपं तु शृणु भूधरनन्दिनि ॥,त्रिपाद्विभूतिरूपꣳ तु शृणु भूधरनन्दिनि ॥
259,tasyāḥ pāre para-vyomni tripād-bhūtaṁ sanātanam |,तस्याः पारे परव्योम्नि त्रिपाद्भूतं सनातनम् ।,तस्याः पारे परव्योम्नि त्रिपाद्भूतꣳ सनातनम् ।
260,amṛtaṁ śāśvataṁ nityam anantaṁ paraṁ padam ||,अमृतं शाश्वतं नित्यम् अनन्तं परं पदम् ॥,अमृतꣳ शाश्वतꣳ नित्यम् अनन्तꣳ परꣳ पदम् ॥
261,śuddha-sattva-mayaṁ divyam akṣaraṁ brahmaṇaḥ padam || ity-ādi |,शुद्धसत्त्वमयं दिव्यम् अक्षरं ब्रह्मणः पदम् ॥ इत्यादि ।,शुद्धसत्त्वमयꣳ दिव्यम् अक्षरꣳ ब्रह्मणः पदम् ॥ इत्यादि ।
262,tad etat samāptaṁ prāsaṅgikaṁ śuddha-sattva-vivecanam | ,तद् एतत् समाप्तं प्रासङ्गिकं शुद्धसत्त्वविवेचनम् । ,तद् एतत् समाप्तꣳ प्रासङ्गिकꣳ शुद्धसत्त्वविवेचनम् । 
264,"atha pravartate (10) ity-ādi prakṛtam eva padyaṁ vyākhyāyate | nanu guṇādy-abhāvān nirviśeṣa evāsau lokaḥ ? ity āśaṅkya tatra viśeṣas tasyāḥ śuddha-sattvātmikāyāḥ svarūpānatirikta-śakter eva vilāsa-rūpa iti dyotayaṁs tam eva viśeṣaṁ darśayati—harer iti | surāḥ sattva-prabhavāḥ, asurāḥ rajas-tamaḥ-prabhavāḥ, tair arcitāḥ | tebhyo’rhattamā ity arthaḥ, guṇātītatvād eveti bhāvaḥ |","अथ प्रवर्तते (१०) इत्यादि प्रकृतम् एव पद्यं व्याख्यायते । ननु गुणाद्यभावान् निर्विशेष एवासौ लोकः ? इत्य् आशङ्क्य तत्र विशेषस् तस्याः शुद्धसत्त्वात्मिकायाः स्वरूपानतिरिक्तशक्तेर् एव विलासरूप इति द्योतयंस् तम् एव विशेषं दर्शयति—हरेर् इति । सुराः सत्त्वप्रभवाः, असुराः रजस्तमःप्रभवाः, तैर् अर्चिताः । तेभ्योऽर्हत्तमा इत्य् अर्थः, गुणातीतत्वाद् एवेति भावः ।","अथ प्रवर्तते (१०) इत्यादि प्रकृतम् एव पद्यꣳ व्याख्यायते । ननु गुणाद्यभावान् निर्विशेष एवासौ लोकः ? इत्य् आशङ्क्य तत्र विशेषस् तस्याः शुद्धसत्त्वात्मिकायाः स्वरूपानतिरिक्तशक्तेर् एव विलासरूप इति द्योतयꣳस् तम् एव विशेषꣳ दर्शयति—हरेर् इति । सुराः सत्त्वप्रभवाः, असुराः रजस्तमःप्रभवाः, तैर् अर्चिताः । तेभ्योऽर्हत्तमा इत्य् अर्थः, गुणातीतत्वाद् एवेति भावः ।"
265,(11) tān eva varṇayati—śyāmāvadātā iti | śyāmāś ca avadātā ujjvalāś ca te | padma-netrāḥ pīta-vastrāḥ suruco’tikamnīyāḥ supeśaso’tisukumārāḥ | unmiṣanta iva prabhāvanto maṇi-pravekā maṇy-uttamā yeṣu tāni niṣkāṇi padakāny ābharaṇāni yeṣāṁ te suvarcasas tejasvinaḥ |,(११) तान् एव वर्णयति—श्यामावदाता इति । श्यामाश् च अवदाता उज्ज्वलाश् च ते । पद्मनेत्राः पीतवस्त्राः सुरुचोऽतिकम्नीयाः सुपेशसोऽतिसुकुमाराः । उन्मिषन्त इव प्रभावन्तो मणिप्रवेका मण्युत्तमा येषु तानि निष्काणि पदकान्य् आभरणानि येषां ते सुवर्चसस् तेजस्विनः ।,(११) तान् एव वर्णयति—श्यामावदाता इति । श्यामाश् च अवदाता उज्ज्वलाश् च ते । पद्मनेत्राः पीतवस्त्राः सुरुचोऽतिकम्नीयाः सुपेशसोऽतिसुकुमाराः । उन्मिषन्त इव प्रभावन्तो मणिप्रवेका मण्युत्तमा येषु तानि निष्काणि पदकान्य् आभरणानि येषाꣳ ते सुवर्चसस् तेजस्विनः ।
266,(12) pravāleti | ke’pi tebhyaḥ śrī-bhagavat-sārūpyaṁ labdhavadbhyo’nye pravālādi-sama-varṇāḥ | ,(१२) प्रवालेति । केऽपि तेभ्यः श्रीभगवत्सारूप्यं लब्धवद्भ्योऽन्ये प्रवालादिसमवर्णाः । ,(१२) प्रवालेति । केऽपि तेभ्यः श्रीभगवत्सारूप्यꣳ लब्धवद्भ्योऽन्ये प्रवालादिसमवर्णाः । 
267,(13) punar api lokaṁ varṇayati—bhrājiṣṇubhir iti | ,(१३) पुनर् अपि लोकं वर्णयति—भ्राजिष्णुभिर् इति । ,(१३) पुनर् अपि लोकꣳ वर्णयति—भ्राजिष्णुभिर् इति । 
268,"(14) śrīr yatreti | śrīḥ svarūpa-śaktiḥ rūpiṇī tat-preyasī-rūpā mānaṁ pūjāṁ vibhūtibhiḥ rūpiṇī tat preyasī-rūpā mānaṁ pūjāṁ vibhūtibhiḥ sva-sakhī-rūpābhiḥ | preṅkham āndolanaṁ śritā vilāsena | kusumākāro vasantaḥ, tad-anugā bhramarāḥ, tair vividhaṁ gīyamānā | svayaṁ priyasya hareḥ karma gāyantī bhavati | ","(१४) श्रीर् यत्रेति । श्रीः स्वरूपशक्तिः रूपिणी तत्प्रेयसीरूपा मानं पूजां विभूतिभिः रूपिणी तत् प्रेयसीरूपा मानं पूजां विभूतिभिः स्वसखीरूपाभिः । प्रेङ्खम् आन्दोलनं श्रिता विलासेन । कुसुमाकारो वसन्तः, तदनुगा भ्रमराः, तैर् विविधं गीयमाना । स्वयं प्रियस्य हरेः कर्म गायन्ती भवति । ","(१४) श्रीर् यत्रेति । श्रीः स्वरूपशक्तिः रूपिणी तत्प्रेयसीरूपा मानꣳ पूजाꣳ विभूतिभिः रूपिणी तत् प्रेयसीरूपा मानꣳ पूजाꣳ विभूतिभिः स्वसखीरूपाभिः । प्रेङ्खम् आन्दोलनꣳ श्रिता विलासेन । कुसुमाकारो वसन्तः, तदनुगा भ्रमराः, तैर् विविधꣳ गीयमाना । स्वयꣳ प्रियस्य हरेः कर्म गायन्ती भवति । "
270,"(15) [bhā.pu. 2.9.14] dadarśeti | tatra loka iti prāktanānāṁ yac-chabdānāṁ viśeṣyam | akhila-sātvatāṁ sarveṣāṁ sātvatānāṁ yādava-vīrāṇāṁ patiḥ, ","(१५) [भा.पु. २.९.१४] ददर्शेति । तत्र लोक इति प्राक्तनानां यच्छब्दानां विशेष्यम् । अखिलसात्वतां सर्वेषां सात्वतानां यादववीराणां पतिः, ","(१५) [भा.पु. २.९.१४] ददर्शेति । तत्र लोक इति प्राक्तनानाꣳ यच्छब्दानाꣳ विशेष्यम् । अखिलसात्वताꣳ सर्वेषाꣳ सात्वतानाꣳ यादववीराणाꣳ पतिः, "
272,dhiyāṁ patir loka-patir dharāpatiḥ |,धियां पतिर् लोकपतिर् धरापतिः ।,धियाꣳ पतिर् लोकपतिर् धरापतिः ।
273,patir gatiś cāndhaka-vṛṣṇi-sātvatāṁ ,पतिर् गतिश् चान्धकवृष्णिसात्वतां ,पतिर् गतिश् चान्धकवृष्णिसात्वताꣳ 
274,prasīdatāṁ me bhagavan satāṁ patiḥ || [bhā.pu. 2.4.20] ity etad vākya-saṁvāditvāt | ,प्रसीदतां मे भगवन् सतां पतिः ॥ [भा.पु. २.४.२०] इत्य् एतद् वाक्यसंवादित्वात् । ,प्रसीदताꣳ मे भगवन् सताꣳ पतिः ॥ [भा.पु. २.४.२०] इत्य् एतद् वाक्यसꣳवादित्वात् । 
275,śrī-bhāgavata-mate śrī-kṛṣṇasyaiva svayaṁ-bhagavattvena pratipādayiṣyamānatvāt | tac caitad anantaraṁ brahmaṇe catuḥślokī-rūpaṁ bhāgavataṁ śrī-bhagavatopadiṣṭam | tatra ca—,श्रीभागवतमते श्रीकृष्णस्यैव स्वयंभगवत्त्वेन प्रतिपादयिष्यमानत्वात् । तच् चैतद् अनन्तरं ब्रह्मणे चतुःश्लोकीरूपं भागवतं श्रीभगवतोपदिष्टम् । तत्र च—,श्रीभागवतमते श्रीकृष्णस्यैव स्वयꣳभगवत्त्वेन प्रतिपादयिष्यमानत्वात् । तच् चैतद् अनन्तरꣳ ब्रह्मणे चतुःश्लोकीरूपꣳ भागवतꣳ श्रीभगवतोपदिष्टम् । तत्र च—
278,jñānaṁ paraṁ man-mahimāvabhāsaṁ,ज्ञानं परं मन्महिमावभासं,ज्ञानꣳ परꣳ मन्महिमावभासꣳ
279,yat sūrayo bhāgavataṁ vadanti || [bhā.pu. 3.4.13]  ,यत् सूरयो भागवतं वदन्ति ॥ [भा.पु. ३.४.१३]  ,यत् सूरयो भागवतꣳ वदन्ति ॥ [भा.पु. ३.४.१३]  
280,"iti tṛtīye uddhavaṁ prati śrī-kṛṣṇa-vākyānusāreṇa,","इति तृतीये उद्धवं प्रति श्रीकृष्णवाक्यानुसारेण,","इति तृतीये उद्धवꣳ प्रति श्रीकृष्णवाक्यानुसारेण,"
281,yo brahmāṇaṁ vidadhāti pūrvaṁ,यो ब्रह्माणं विदधाति पूर्वं,यो ब्रह्माणꣳ विदधाति पूर्वꣳ
283,taṁ ha devam ātma-buddhi-prakāśaṁ,तं ह देवम् आत्मबुद्धिप्रकाशं,तꣳ ह देवम् आत्मबुद्धिप्रकाशꣳ
284,mumukṣur vai śaraṇam amuṁ vrajet || [go.tā.u. 1.22] ,मुमुक्षुर् वै शरणम् अमुं व्रजेत् ॥ [गो.ता.उ. १.२२] ,मुमुक्षुर् वै शरणम् अमुꣳ व्रजेत् ॥ [गो.ता.उ. १.२२] 
285,"iti śrī-gopāla-tāpany-anusāreṇa ca tasmai vopadeṣṭṛtva-śruteḥ, tad u hovāca brāhmaṇo'sāv anavarataṁ me dhyātaḥ stutaḥ parārdhānte so’budhyata gopa-veśo me purastād āvirbabhūva [go.tā.u. 1.25] iti śrī-gopāla-tāpany-anusāreṇaiva kvacit kalpe śrī-gopāla-rūpeṇa ca sṛṣṭy-ādāv ittham eva brahmaṇe darśita-nija-rūpatvāt, tad-dhāmno mahā-vaikuṇṭhatvena śrī-kṛṣṇa-sandarbhe sādhayiṣyamāṇatvāc ca |","इति श्रीगोपालतापन्यनुसारेण च तस्मै वोपदेष्टृत्वश्रुतेः, तद् उ होवाच ब्राह्मणोऽसाव् अनवरतं मे ध्यातः स्तुतः परार्धान्ते सोऽबुध्यत गोपवेशो मे पुरस्ताद् आविर्बभूव [गो.ता.उ. १.२५] इति श्रीगोपालतापन्यनुसारेणैव क्वचित् कल्पे श्रीगोपालरूपेण च सृष्ट्यादाव् इत्थम् एव ब्रह्मणे दर्शितनिजरूपत्वात्, तद्धाम्नो महावैकुण्ठत्वेन श्रीकृष्णसन्दर्भे साधयिष्यमाणत्वाच् च ।","इति श्रीगोपालतापन्यनुसारेण च तस्मै वोपदेष्टृत्वश्रुतेः, तद् उ होवाच ब्राह्मणोऽसाव् अनवरतꣳ मे ध्यातः स्तुतः परार्धान्ते सोऽबुध्यत गोपवेशो मे पुरस्ताद् आविर्बभूव [गो.ता.उ. १.२५] इति श्रीगोपालतापन्यनुसारेणैव क्वचित् कल्पे श्रीगोपालरूपेण च सृष्ट्यादाव् इत्थम् एव ब्रह्मणे दर्शितनिजरूपत्वात्, तद्धाम्नो महावैकुण्ठत्वेन श्रीकृष्णसन्दर्भे साधयिष्यमाणत्वाच् च ।"
286,dvārakāyāṁ prākaṭyāvasare śruta-sunanda-nandādi-sāhacaryeṇa śrī-prabalādayo’pi jñeyāḥ | yathoktaṁ prathame—sunanda-nanda-śīrṣaṇyā ye cānye sātvata-rṣabhā [bhā.pu. 1.14.32] iti | ,द्वारकायां प्राकट्यावसरे श्रुतसुनन्दनन्दादिसाहचर्येण श्रीप्रबलादयोऽपि ज्ञेयाः । यथोक्तं प्रथमे—सुनन्दनन्दशीर्षण्या ये चान्ये सात्वतर्षभा [भा.पु. १.१४.३२] इति । ,द्वारकायाꣳ प्राकट्यावसरे श्रुतसुनन्दनन्दादिसाहचर्येण श्रीप्रबलादयोऽपि ज्ञेयाः । यथोक्तꣳ प्रथमे—सुनन्दनन्दशीर्षण्या ये चान्ये सात्वतर्षभा [भा.पु. १.१४.३२] इति । 
288,(16) [bhā.pu. 2.9.16] bhṛtya-prasāda iti | dṛg evāsava iva draṣṭṝṇāṁ mada-karī yasya tam | śriyā vakṣo-vāma-bhāge svarṇa-rekhākārayā | ,(१६) [भा.पु. २.९.१६] भृत्यप्रसाद इति । दृग् एवासव इव द्रष्टॄणां मदकरी यस्य तम् । श्रिया वक्षोवामभागे स्वर्णरेखाकारया । ,(१६) [भा.पु. २.९.१६] भृत्यप्रसाद इति । दृग् एवासव इव द्रष्टॄणाꣳ मदकरी यस्य तम् । श्रिया वक्षोवामभागे स्वर्णरेखाकारया । 
291,ṛg-yajuḥ-sāmātharvāṇa-rūpair nityaṁ vṛtaṁ kramāt || [pa.pu. 6.228.21] iti | ,ऋग्यजुःसामाथर्वाणरूपैर् नित्यं वृतं क्रमात् ॥ [प.पु. ६.२२८.२१] इति । ,ऋग्यजुःसामाथर्वाणरूपैर् नित्यꣳ वृतꣳ क्रमात् ॥ [प.पु. ६.२२८.२१] इति । 
294,vāruṇyāṁ jaya-vijayau saumye dhātṛ-vidhātarau ||,वारुण्यां जयविजयौ सौम्ये धातृविधातरौ ॥,वारुण्याꣳ जयविजयौ सौम्ये धातृविधातरौ ॥
300,chandāṁsi sarva-mantrāś ca pīṭha-rūpatvam āsthitā || [pa.pu. 6.228.24] iti ||,छन्दांसि सर्वमन्त्राश् च पीठरूपत्वम् आस्थिता ॥ [प.पु. ६.२२८.२४] इति ॥,छन्दाꣳसि सर्वमन्त्राश् च पीठरूपत्वम् आस्थिता ॥ [प.पु. ६.२२८.२४] इति ॥
302,"yadyapy uttara-khaṇḍa-vacanaṁ tat parama-vyoma-paraṁ, tathāpi tat-sādṛśyāgamādi-prasiddheś ca śrī-kṛṣṇa-yoga-pīṭham api ca tadvaj jñeyam | ","यद्यप्य् उत्तरखण्डवचनं तत् परमव्योमपरं, तथापि तत्सादृश्यागमादिप्रसिद्धेश् च श्रीकृष्णयोगपीठम् अपि च तद्वज् ज्ञेयम् । ","यद्यप्य् उत्तरखण्डवचनꣳ तत् परमव्योमपरꣳ, तथापि तत्सादृश्यागमादिप्रसिद्धेश् च श्रीकृष्णयोगपीठम् अपि च तद्वज् ज्ञेयम् । "
304,"svaiḥ [bhagaiḥ] svarūpa-bhūtair aiśvaryādibhir yuktam | itaratra yogiṣu adhruvaiḥ prāptair ity arthaḥ | sve sva-svarūpa eva, dhāmani śrī-vaikuṇṭhe ramamāṇaṁ ata eveśvaram, katham api parādhīna-siddhatvābhāvāt |","स्वैः [भगैः] स्वरूपभूतैर् ऐश्वर्यादिभिर् युक्तम् । इतरत्र योगिषु अध्रुवैः प्राप्तैर् इत्य् अर्थः । स्वे स्वस्वरूप एव, धामनि श्रीवैकुण्ठे रममाणं अत एवेश्वरम्, कथम् अपि पराधीनसिद्धत्वाभावात् ।","स्वैः [भगैः] स्वरूपभूतैर् ऐश्वर्यादिभिर् युक्तम् । इतरत्र योगिषु अध्रुवैः प्राप्तैर् इत्य् अर्थः । स्वे स्वस्वरूप एव, धामनि श्रीवैकुण्ठे रममाणꣳ अत एवेश्वरम्, कथम् अपि पराधीनसिद्धत्वाभावात् ।"
306,(18) [bhā.pu. 2.9.17] tad-darśana iti | yat padāmbujaṁ pāramahaṁsyena pathādhigamyata iti saccidānanda-ghanatvaṁ tasya vyanakti | ,(१८) [भा.पु. २.९.१७] तद्दर्शन इति । यत् पदाम्बुजं पारमहंस्येन पथाधिगम्यत इति सच्चिदानन्दघनत्वं तस्य व्यनक्ति । ,(१८) [भा.पु. २.९.१७] तद्दर्शन इति । यत् पदाम्बुजꣳ पारमहꣳस्येन पथाधिगम्यत इति सच्चिदानन्दघनत्वꣳ तस्य व्यनक्ति । 
307,(19) taṁ prīyamāṇam iti taṁ brahmāṇaṁ bhagavān babhāṣe | prajā-visarge kārye nijasya svāṁśa-bhūtasya puruṣasya śāsane’rhaṇaṁ yogyam |,(१९) तं प्रीयमाणम् इति तं ब्रह्माणं भगवान् बभाषे । प्रजाविसर्गे कार्ये निजस्य स्वांशभूतस्य पुरुषस्य शासनेऽर्हणं योग्यम् ।,(१९) तꣳ प्रीयमाणम् इति तꣳ ब्रह्माणꣳ भगवान् बभाषे । प्रजाविसर्गे कार्ये निजस्य स्वाꣳशभूतस्य पुरुषस्य शासनेऽर्हणꣳ योग्यम् ।
308,"nanv asau puruṣa eva tam anugṛhṇātu, śrī-bhagavatas tu parāvasthatvāt tena prākṛta-sṛṣṭi-kartrā sambandho’pi na sambandha ity āśaṅkya tasya bhakta-vātsalyātiśaya evāyam ity āha—priyaṁ tasmin premavantam | yataḥ so’pi priyaḥ prema-vaśaḥ | tatrāpi prīyamāṇām iti prīta-manā iti ca viśeṣaṇaṁ tadānīṁ premollāsātiśaya-dyotakam | taṁ prati bhagavat-prīti-cihna-darśanena tasyāpi tatra prīty-atiśayaṁ vyañjayati—īṣat-smita-rociṣā girā iti, kare spṛśan iti ca | ","नन्व् असौ पुरुष एव तम् अनुगृह्णातु, श्रीभगवतस् तु परावस्थत्वात् तेन प्राकृतसृष्टिकर्त्रा सम्बन्धोऽपि न सम्बन्ध इत्य् आशङ्क्य तस्य भक्तवात्सल्यातिशय एवायम् इत्य् आह—प्रियं तस्मिन् प्रेमवन्तम् । यतः सोऽपि प्रियः प्रेमवशः । तत्रापि प्रीयमाणाम् इति प्रीतमना इति च विशेषणं तदानीं प्रेमोल्लासातिशयद्योतकम् । तं प्रति भगवत्प्रीतिचिह्नदर्शनेन तस्यापि तत्र प्रीत्यतिशयं व्यञ्जयति—ईषत्स्मितरोचिषा गिरा इति, करे स्पृशन् इति च । ","नन्व् असौ पुरुष एव तम् अनुगृह्णातु, श्रीभगवतस् तु परावस्थत्वात् तेन प्राकृतसृष्टिकर्त्रा सम्बन्धोऽपि न सम्बन्ध इत्य् आशङ्क्य तस्य भक्तवात्सल्यातिशय एवायम् इत्य् आह—प्रियꣳ तस्मिन् प्रेमवन्तम् । यतः सोऽपि प्रियः प्रेमवशः । तत्रापि प्रीयमाणाम् इति प्रीतमना इति च विशेषणꣳ तदानीꣳ प्रेमोल्लासातिशयद्योतकम् । तꣳ प्रति भगवत्प्रीतिचिह्नदर्शनेन तस्यापि तत्र प्रीत्यतिशयꣳ व्यञ्जयति—ईषत्स्मितरोचिषा गिरा इति, करे स्पृशन् इति च । "
309,asya śrī-kṛṣṇopāsakatvaṁ śrī-gopāla-tāpanī-vākyena darśitam | tathā ca brahma-saṁhitāyāṁ [5.22-5]—,अस्य श्रीकृष्णोपासकत्वं श्रीगोपालतापनीवाक्येन दर्शितम् । तथा च ब्रह्मसंहितायां [५.२२-५]—,अस्य श्रीकृष्णोपासकत्वꣳ श्रीगोपालतापनीवाक्येन दर्शितम् । तथा च ब्रह्मसꣳहितायाꣳ [५.२२-५]—
311,sa jāto bhagavac-chaktyā tat-kālaṁ kila coditaḥ ||,स जातो भगवच्छक्त्या तत्कालं किल चोदितः ॥,स जातो भगवच्छक्त्या तत्कालꣳ किल चोदितः ॥
312,sisṛkṣāyāṁ matiṁ cakre pūrva-saṁskāra-saṁskṛtām |,सिसृक्षायां मतिं चक्रे पूर्वसंस्कारसंस्कृताम् ।,सिसृक्षायाꣳ मतिꣳ चक्रे पूर्वसꣳस्कारसꣳस्कृताम् ।
313,dadarśa kevalaṁ dhvāntaṁ nānyat kim api sarvataḥ ||,ददर्श केवलं ध्वान्तं नान्यत् किम् अपि सर्वतः ॥,ददर्श केवलꣳ ध्वान्तꣳ नान्यत् किम् अपि सर्वतः ॥
316,vallabhāya priyā vahner ayaṁ te dāsyati priyam |,वल्लभाय प्रिया वह्नेर् अयं ते दास्यति प्रियम् ।,वल्लभाय प्रिया वह्नेर् अयꣳ ते दास्यति प्रियम् ।
317,tapa tvaṁ tapa etena tava siddhir bhaviṣyati ||,तप त्वं तप एतेन तव सिद्धिर् भविष्यति ॥,तप त्वꣳ तप एतेन तव सिद्धिर् भविष्यति ॥
318,atha tepe sa suciraṁ prīṇan govindam avyayam || ity ādi || ,अथ तेपे स सुचिरं प्रीणन् गोविन्दम् अव्ययम् ॥ इत्य् आदि ॥ ,अथ तेपे स सुचिरꣳ प्रीणन् गोविन्दम् अव्ययम् ॥ इत्य् आदि ॥ 
