paragraph_index,original_text
2,With Govinda-bhāṣyam by Baladeva Vidyabhushan. 
8,"The Vedānta-sūtras of Bādarāyaṇa with the commentary of Baladeva. Translated by Srisa Chandra Vasu. New Delhi: Munshiram Manoharlal Publishers, 2002 (first published 1912).
"
11,"Brahma-sūtra o śrīmad-bhāgavata. (A treatise on Brahmasutra with the help of Srimad Bhagavata). (ed.) Ramapada Chattopadhyaya. Calcutta: Firma KLM, 1994."
13,"The third and fourth titles in this list are commentaries on the Vedanta by modern authors who have attempted to show the Bhagavata Purana as the “natural commentary on the Vedanta Sutras.” Ramapada Chattopadhyaya (rc) has quoted more extensively, but has left some sutras without any verses at all. Haridas Shastri (hds), on the other hand, has diligently found at least one related verse for each sutra. In this edition, only Haridas’s references to the Bhagavatam are cited after each sutra. The references of Haridas Shastri and Ramapada Chattopadhyaya have been concorded only for the 4th adhyāya. Haridas Shastri's numbers are more in conformity with the numbering in the GGM editions of the Bhagavatam. In most cases, however, (except for 9.4 and 11.2) RPD will only be one or two numbers off at most."
166,hds: 1.1.1 (janmādyasya yato’nvayād itarataś ca). 
185,hds: 1.1.1 (artheṣv abhijñaḥ svarāṭ)
2291,"rpc : 	5.11.12-14, 1.3.36, 11.11.6-7, 6.4.19, 11.11.1-4, 11.28.16, 11.24.7, 12.4.31-32, 3.27.11-12, 11.3.41, 11.28.35, 11.5.20, 11.2.34, 11.10.30, mana eva manuṣyāṇāṁ kāraṇaṁ bandha-mokṣayoḥ | bandhaye viṣayāsaktaṁ muktyai nirviṣayaṁ smṛtam || (brahma-bindūpaniṣat 2), 12.5.6, 4.29.76."
2354,"hds : 3.12.47, 2.5.15 (nārāyaṇa-paro vedaḥ), 2.10.36, 6.16.51"
3327,"rpc : 6.4.3, 10.14.54, 5.18.31, 10.87.22, 1.2.31, gītā 9.18, 10.23.27."
3587,"rpc: 11.3.6-13, 11.10.16, 22, 26-27; gītā 18.14-15."
4261,"rpc: 10.87.50, 11.25.29-31, nārāyaṇopaniṣad 34."
4484,"rpc: yajuḥ 2.6.9.49, bhā.pu. 11.5.11, 11.5.13. "
4740,"rpc : 8.5.15-16, 6.8.30, 10.14.18, pañcarātra—nirdoṣa-pūrṇa-guṇa-vigraha ātma-tantro niścetanātmaka-śarīra- guṇaiś ca hīnaḥ | ānanda-mātra-kara-pada-mukhodarādi sarvatra ca svagata-bheda-vivarjitātmā ||"
4768,"hds : 10.13.54-55, 1.1.1 (satyaṁ paraṁ dhīmahi)"
4909,"rpc : gītā 18.65-66, 18.61-62, bhā. 7.7.43-44, 3.29.11-12, bhakti-rasāyana 1.3, gītā 11.53-54, bhā. 11.14.19-20, 10.86.46-47, 3.9.11, 7.5.18-19, padyā. śrī-viṣṇoḥ śravaṇe, bhā. 12.11.7, 9.4.46-49, gītā 4.17-18. anicchaiva paraṁ padam akriyaiva parā pūjā | acintaiva paraṁ dhyānaṁ maunam eva paraṁ tapaḥ || (śaṅkara-dhṛtaḥ) "
4937,rpc : pūrva-sūtraṁ draṣṭavyam.
4958,"rpc : rā.tā.u. 1.7 (cinmayasyādvitīyasya niṣphalasyāśarīriṇaḥ | upāsakānāṁ kāryārthaṁ brahmaṇo rūpa-kalpanā ||), bhā. 3.9.11, 10.87.14, 10.87.46, 2.7.40, 8.5.18, 8.5.39, 10.6.7, 10.69.11-20, 10.69.42, bṛ.ā.u. 5.1.1, bhā. 10.14.28, 6.4.28-29, 8.5.38."
4980,"rpc : gītā 9.4-5, 7.9.29, 8.3.3, 8.3.23-24, 6.4.23, 6.9.39."
4989,"rpc : 10.14.56-57, brahma-purāṇa (ānandena tvad-abhinnena vyavahāraḥ prakāśavat | pūrvavat vā yathā-kālaḥ svāvacchedakatāṁ vrajet ||)"
5166,"hds : 8.23.15, 8.23.19, 3.2.33 (aho bakīyam)"
5196,"rpc : gītā 7.22, 3.9.8, 3.25.39, 4.11.2, 5.1.14, 10.87.24, 3.29.33, 8.3.26, 7.9.47, 11.10.33, 2.5.14, 2.10.12."
5230,"rpd : 10.87.31 (tvayi ta ime), 10.87.37 (yac chrutayas tvayi), 10.87.11 (bṛhad-upalabdham), 10.87.15 (atha vitathā…), 2.5.15-16, 2.5.25-26, 2.6.29, 11.21.41-42. 4.7.49-50, 10.87.11 (ata ṛṣayo dadhus)."
5231,"hds : 1.2.28 (vāsudeva-parā vedāḥ), 11.21.42-43"
5257,"rpd : vi.pu. 3.3.5-6, bhā. 12.6.39-44. "
5315,"rpd : rā.tā.u. 2.9-10, go.tā.u. 1.19, gītā 7.23, bhā. 10.40.1, 10.40.17-21, 11.2.35, 11.2.31, 11.6.9. "
5345,"rpd : 10.31.11, 10.31.13, 10.31.19, 10.47.17, 10.9.11, (śrī-nāthe jānakī-nāthe abhedaḥ paramātmani | tathāpi mama sarvasvo rāmaḥ kamala-locanaḥ ||), kṛ.ka. 3.94 (vihāya kodaṇḍa-śarān muhūrtaṁ gṛhāṇa pāṇau maṇi-cāru-veṇum | māyūra-barhaṁ ca nijottamāṅge sītā-pate tvāṁ praṇamāmi paścāt ||)"
5376,"rpd : 10.3.18, 10.9.13-14, 3.9.11, 10.69.42, 6.4.29, 4.3.21, 10.2.18, 10.2.16, 10.3.9, gītā 16.10, 16.19, 6.40; bhā. 4.29.76, 11.23.38-39, brahma-bindūpaniṣad 2 (mana eva manuṣyāṇāṁ kāraṇaṁ bandha-mokṣayoḥ | bandhāya viṣayāsaktaṁ muktyai nirviṣayaṁ smṛtam ||), mahopaniṣad 4.67 (manasā bhāvyamāno hi dehatāṁ yāti dehakaḥ | deha-vāsanayā mukto deha-dharmair na lipyate ||), bhā. 11.23.41, 11.23.43. "
5505,"rpc : śve.u. 5.14, 3.25.35, 8.24.31, 11.8.34, 12.8.34, 7.1.29, 7.1.25, 7.9.10."
5585,"rpd : gītā 13.8, bhā. 11.10.4."
5612,"rpd : 3.9.40, 11.29.30, 1.7.10, maitreyopaniṣad (antaḥ śūnyo bahiḥ śūnyaḥ śūnyo kumbha ivāmbare | antaḥ pūrṇo bahiḥ pūrṇaḥ pūrṇaḥ kumbha ivārṇave ||), kṛṣṇa-karṇāmṛta 107 (bhaktis tvayi…)"
5650,"rpc : 11.2.44 (īśvare tad-), 11.2.51, 11.2.43, 7.1.29-30, 10.87.23 (nibhṛta-marun-), 10.74.46."
5651,"hds : 1.5.28, 11.12.13, 11.2.46 (īśvare tad-adhīneṣu)"
5661,"rpc : gītā 18.55, 11.12.12, 10.29.12-15, 11.5.38 (sva-pāda-mūlaṁ), 10.14.3-4, 11.20.7-8, 10.14.36, 10.22.26, 10.47.59 (kvemāḥ)."
5722,"rpc : 8.14.2, brahmaṇā saha te sarve samprāpte pratisañcare | parasyānte kṛtātmanaḥ praviśati paraṁ padam ||)"
5835,"rpc : 1.16.24-27, 10.2.34-36, 6.4.29, cai.ca. 2.21 (kṛṣṇera madhura rūpa śuna sanātana)"
5836,"hds : 1.1.1 (satyaṁ paraṁ dhīmahi), 3.33.3, 1.16.17, 1.16.30-31, 2.2.26"
5862,"rpc : vi.pu. 1.8.15, 1.9.118, bhā. 10.47.60-61, 10.87.23."
5873,"rpc : 10.29.37, 4.9.10, 10.2.32, 10.14.48, bra.vai.pu. 3.111.58 (mura kleśe ca santāpa-karma-bhoge ca karmaṇām | daitya-bhede hy aris teṣāṁ murāris tena kīrtitaḥ ||), bhā. 10.22.26, cai.ca. 2.21 (rūpa dekhi āpanāra, kṛṣṇera haila camatkāra), 10.33.17, ramante yogino’nante, kṛṣi bhūr-vācakaḥ, bhā. 6.3.32, 11.6.7, 11.6.15."
5957,"rpc : 10.10.38 (vāṇī), 10.47.58, 7.4.30, 10.30.14"
5980,rpc : 9.4.49 (sādhavo)
6082,"rpc : 3.9.11, 10.60.36, 10.64.29, gītā 4.11, bhā 3.32.28."
6095,"rpc : gītā 9.11, bhā. 10.87.39, 1.3.33-34."
6137,"rpc : bhakti-rasāyana 1.33-35, 9.4.48, gītā 8.22, 7.17; bhā. 2.7.41, 11.29.9-10, 11.29.12-13, 11.29.17-18."
6226,"rpd : 11.5.19, gīta 6.5"
6237,rpd : rā.tā.u.1.4.3 (yathā nāmī)
6561,"rpc: 11.23.50, 3.16.26, 11.5.37-38, 11.28.31-32, nā.u. 5.12.3, gītā 3.17."
6612,"rpc: 11.21.35, 11.25.41-42, 11.21.41 (kiṁ vidhatte)"
6613,hds: 11.21.43-44 (kiṁ vidhatte)
6788,"rpc: 7.13.8-9, 11.18.27-28, gītā 6.40"
6895,"rpc: 11.2.53 (visṛjati…), karṇāmṛta 3.96, 11.29.6."
6896,"hds: 11.2.55 (visṛjati…), 11.14.16."
6933,"rpc: tulasī-dala-mātreṇa, 6.16.30, 9.4.48, 10.80.8, 11.2.29, 10.48.22, 7.10.4-6"
7083,"rpc : gītā 6.15, bhāgavata 5.12.13, 10.44.15, 11.20.29-30, 3.29.11-12."
7084,hds: bhā.pu. 1.1.3.
7345,"rpc : 11.20.32-34, 11.26.30, karṇāmṛta 107 (bhaktis tvayi)"
7615,"rpc : gītā 8.24, 2.2.17, 3.25.35, 10.46.32"
7760,"rpc : 6.3.17-18, 11.21.5, 11.19.17, 11.10.29, 10.9.11, 2.10.9, īśo. 16, acintyāḥ khalu ye bhāvāḥ, 2.6.34."
7859,"rpc : 3.32.12-15, 3.15.47, gītā 7.23, 9.25, 18.65, 4.11, bhā. 11.25.22, 10.129.15, unknoasyan (ihāsane śuṣyatu me śarīraṁ tvag-asthi-māṁsaṁ vilayaṁ ca yāntu | aprāpya bodhiṁ bahu-kalpa-durlabhaṁ naivāsanāt kāyaḥ samuccaliṣyate ||)"
7951,"rpc : 11.28.34-35, 10.14.23, gītā 15.17"
7972,"rpc : 11.29.34, 11.19.2, 6.16.63, 7.13.57, 6.16.9-10, 2.2.31, 3.29.13, ka.u. 2.1.15, mu.u. 3.2.8, skanda-purāṇa (udake tūdakaṁ siktaṁ miśam eva yathā bhavet | na caitad eva bhavati yato vṛddhiḥ pradṛśyate || evam eva hi jīvo’pi tādātmyaṁ paramātmanā | prāpnoti nāsau bhavati svātantryādi-viśeṣaṇāt ||) "
8021,rpc : gītā 6.22
8106,"hds: 3.25.37, 1.1.1 (tene brahma hṛdā…), 10.87.24"
8268," This line is from an unnamed source, quoted in Śaṅkara’s Śarīraka-bhāṣya. I couldn’t find the sources of any of the other quotes."
8270, A number of differences from the accepted Bṛhad-āraṇyaka reading.
8273, maheśvaraḥ in the Bhāgavatam.
8276, Ramanuja splits this sutra at tarkāpratiṣṭhānād api.
8279," The Ramanuja reading of this sutra is itaretara-pratyayatvād iti cet, na, saṅghāta-bhāvānimittatvāt |"
8285," Quoted in Paramātma-sandarbha 19, attributed to Padma-purāṇa. "
8286, From the Mahāvarāha-purāṇa (according to S.C. Vasu).
8289," Baladeva quotes the same verse to Gītā 13.16, but it is given there simply as śruti."
8290, Shankara has this as sapta-gaty-adhikaraṇam and does not start a new adhikarana with the next verse..
8292, These same texts are quoted in Shankara’s bhaṣya in the exact same sequence. They are not found in Bṛhad-āraṇyaka and appear to be a paraphrase of several texts from several sources. See Praśna 2.12.-13 and 3.4.
8297, Quoted by Ramanuja in his bhāṣya.
8298," aniṣṭādi-kāry-adhikaraṇam in Shankara, etc. Haridas Shastri divides the adhikaranas at the next sutra, though this division seems more logical."
8300, Not found in Mahābhārata.
8311," This reading is the HDS, Krishnadas version. bhedād iti ced ekasyām api (RPC) |, bhedān neti cen naikasyām api (Vasu edition)"
8312, This sūtra is combined with the following sutra by Shankara.
8321," RPC says this is from the Yajurveda version of Pūruṣa-sūkta, but gives no numbers."
8326," This is the reading of Shankara, Madhva and Vallabha. Baladeva adds tu after upetaḥ. Ramanuja has api after teṣām."
8327, Shankara credits this verse to śruti.
8330, sa etān gamayati in text.
8331," This reading is found in Shankara and Vallabha. Ramanuja, Madhva and Baladeva read apratīkālambanān nayatīti bādarāyaṇa ubhayadhā ca doṣāt tat-kratuś ca ."
